gene_symbol,homlof_populations
FAM47C,10
POLQ,10
ITIH6,10
SSX1,10
RTL3,10
PSG9,10
ZNF674,10
NBPF9,10
MUC22,10
MAP3K15,10
MAGEC1,10
LUZP4,10
RENBP,9
MUC4,9
NBPF14,9
NBPF26,9
OBSL1,9
OR2T11,9
OR4P4,9
PCDHA8,9
PCDHB7,9
PNMA6F,9
RBMXL3,9
XPNPEP2,9
RP1L1,9
SPATA31A6,9
TAF9B,9
TBC1D8B,9
WASHC2A,9
MAP7D3,9
ZAN,9
ZNF559,9
ZNF630,9
ZNF75D,9
MGAM,9
POTEH,9
MAGEE2,9
DNAH7,9
MAGEC3,9
ACOT9,9
ADGRG4,9
AGTR2,9
AHNAK2,9
ARSF,9
ATXN3L,9
CT45A10,9
DMBT1,9
DNAH14,9
ARHGEF38,9
FAAH2,9
FRMPD3,9
KLHL34,9
FAM186A,9
KIR3DL1,9
HS6ST2,9
HEPH,9
FOXR2,9
FLG,9
FAM90A20P,9
RNASEL,8
PSG4,8
RGPD4,8
RGN,8
RADX,8
RTL4,8
PTPRH,8
PLXNB3,8
PRRG1,8
PRB3,8
PRAMEF4,8
PIR,8
PHKA1,8
SLC25A43,8
PCDHA9,8
SIGLEC5,8
USP26,8
SLCO1B3,8
USP17L2,8
PCDH11X,8
ZSCAN31,8
ZNF626,8
ZCCHC18,8
WDR87,8
USP17L7,8
UGT2B17,8
SRPX,8
TSPYL2,8
TRO,8
TRMT2B,8
TFDP3,8
TAS2R46,8
SYT15,8
PCDHA10,8
PFKFB1,8
PAPLN,8
GABRQ,8
FAM81B,8
FAM47B,8
FAM111A,8
DIPK2B,8
DGAT2L6,8
CXorf58,8
COL6A5,8
CFHR3,8
CD36,8
CCDC66,8
CAPS2,8
ASB12,8
APOBEC3B,8
ACTRT1,8
P2RY4,8
FLG2,8
ARID3A,8
GOLGA6L10,8
MAGIX,8
GOLGA8H,8
OR13H1,8
NOTCH2NLR,8
NBPF10,8
NACA,8
MTMR8,8
OFD1,8
LCE3C,8
KIR2DL4,8
ITGB1BP2,8
HLA-DRB1,8
GYG2,8
KLHL35,8
GUCY2F,8
RETSAT,7
PRAMEF27,7
PRB1,7
PSG8,7
PZP,7
RAB41,7
RTL5,7
RHBDD3,7
RHD,7
SAGE1,7
SATL1,7
SBDS,7
SERHL2,7
SERPINA12,7
PPP1R3F,7
PABIR3,7
POF1B,7
PNPLA4,7
PLIN4,7
PKHD1L1,7
PKD1L3,7
PASD1,7
OR52N5,7
OR4S2,7
OR4C11,7
OR2T35,7
OR2A42,7
OBSCN,7
NUP62CL,7
NOX1,7
SLC25A2,7
SHROOM2,7
ULK4,7
SMIM9,7
SPTBN5,7
MYH1,7
ZNF677,7
ZNF543,7
ZNF534,7
ZNF528,7
ZNF486,7
ZNF28,7
ZNF185,7
ZCCHC13,7
XKRX,7
XAGE5,7
WASHC2C,7
VEGFD,7
USP45,7
USP17L1,7
UGT2B28,7
UBXN8,7
TRPM4,7
TREX2,7
TMLHE,7
TMEM31,7
TMEM187,7
TLCD2,7
SYTL4,7
STBD1,7
SSX5,7
SRPX2,7
SRPK3,7
SPZ1,7
MYH8,7
GNRH2,7
MXRA5,7
CAPN15,7
CYP3A5,7
CYP2D6,7
CXorf66,7
CNGA2,7
CLEC11A,7
CLDN34,7
CFHR5,7
CFHR4,7
CFAP47,7
CFAP100,7
CDH26,7
CD99L2,7
CCDC7,7
CCDC168,7
CA5B,7
DMD,7
C1orf167,7
BTNL3,7
ATP1B4,7
ATP13A5,7
ATG4A,7
ASB11,7
ARSH,7
ARHGAP6,7
AMZ2,7
AKR1B10,7
AEBP1,7
ADGRG2,7
ADAM18,7
MUC17,7
DGKK,7
C1QTNF9B,7
DNHD1,7
H4C2,7
MROH2B,7
DRP2,7
MRO,7
MAGEB6,7
MAGEB5,7
MAGEB17,7
LONRF3,7
LGALS7,7
KIAA1210,7
KCNE5,7
IGFN1,7
HRNR,7
HLA-DRB5,7
HLA-DQA1,7
KIR2DL1,7
GPRASP1,7
GJB2,7
ESX1,7
GPR82,7
FAM166A,7
FAM83A,7
FAM9B,7
GARIN4,7
FRMPD2,7
GLOD5,7
GLUD2,7
GOLGA6B,7
GOLGA6D,7
EGFL6,7
OVCH1,6
PGAM4,6
OR5P2,6
PABIR2,6
PCDHB11,6
PCK2,6
OR51A2,6
PDE11A,6
PDK3,6
POTEI,6
PIK3C2G,6
PIWIL3,6
PLSCR5,6
PNMA3,6
PPIC,6
PRR32,6
OR2T27,6
PSG11,6
PRRG3,6
OR4M2B,6
MAP7D2,6
OR2T10,6
MPC1L,6
MAGEB16,6
PSG6,6
MAGEB2,6
MAGEF1,6
MALRD1,6
MAP3K6,6
MCF2,6
MICA,6
MROH2A,6
OR2G6,6
MYH4,6
MYO1A,6
NCBP2L,6
NEBL,6
NINL,6
NOMO1,6
NRK,6
OR11H12,6
PSG5,6
YIPF1,6
PSG7,6
ZC2HC1C,6
TTC6,6
TTLL10,6
TTLL13,6
TTLL6,6
UBA7,6
VSIG4,6
WASHC1,6
WDR27,6
ZGRF1,6
TNNI3K,6
ZNF157,6
ZNF182,6
ZNF257,6
ZNF717,6
ZNF749,6
ZNF772,6
ZNF814,6
LRRC9,6
TRIM59,6
TMCO4,6
PUSL1,6
SLC6A18,6
RANGRF,6
RLN2,6
RPA4,6
SAXO1,6
SFI1,6
SHROOM4,6
SLC15A5,6
SLC35G4,6
SLFNL1,6
TLR8,6
SPANXN2,6
SPATA31E1,6
STRC,6
TAF11L12,6
TCEANC,6
TEX13C,6
TEX13D,6
TEX14,6
LRRK1,6
CCDC191,6
LIPM,6
CLTRN,6
CACNA1F,6
CAPN12,6
CASP4,6
CBLL2,6
CCDC120,6
CFAP46,6
CFAP92,6
CFHR1,6
CNTNAP3B,6
C4orf51,6
COL4A6,6
COL6A6,6
CRYBA4,6
CRYZ,6
CSAG1,6
CTPS2,6
CTSW,6
CXCL6,6
C4orf54,6
C1orf116,6
CYP2A13,6
AGMO,6
LGALS8,6
ABCA7,6
ABCA9,6
ACSM2A,6
ADAM8,6
ADGRE2,6
ADPRHL1,6
AGAP9,6
ANKRD36,6
C19orf71,6
APIP,6
APOBEC1,6
ARL13A,6
ARSD,6
AWAT1,6
BEND2,6
BMP15,6
BMX,6
CXorf38,6
ANKRD30A,6
DCAF12L2,6
FAM9A,6
FATE1,6
FUT2,6
GAGE12J,6
GBP4,6
GOLGA6L7,6
GOLGA8J,6
GPR179,6
GRPR,6
GSTA5,6
HHLA1,6
HLA-DQB1,6
HMCN2,6
HSD17B8,6
IGSF10,6
KCP,6
KIF19,6
KLHL4,6
DCAF8L1,6
KRT36,6
FAM9C,6
IFIH1,6
FAM104B,6
EDA2R,6
DCLRE1A,6
EYS,6
DCAKD,6
DIAPH2,6
DNAH3,6
DUOX2,6
DUSP21,6
DYNLT4,6
DOCK11,6
ERAP2,6
ENOX2,6
ENTHD1,6
EVPL,6
EPPK1,6
EPX,6
ERAP1,6
EFCAB3,6
PDIA2,5
PROM2,5
PRICKLE4,5
PRB2,5
PRAMEF13,5
PPM1J,5
PP2D1,5
PNMA5,5
PON2,5
PNPLA7,5
PNCK,5
PLXNA3,5
PCDHGA8,5
PSMB11,5
PHKA2,5
PRSS12,5
RSPH10B2,5
PWWP3B,5
SCART1,5
SERPINA3,5
SERGEF,5
PARPBP,5
SEMG2,5
SELP,5
SEC31B,5
SAXO2,5
RAB40A,5
RTL8B,5
RSKR,5
RPL3L,5
RIPK3,5
RGPD8,5
RAB40AL,5
PCDHA4,5
MUC7,5
PARP3,5
MFSD9,5
MSS51,5
MRGPRG,5
MMP9,5
MMP8,5
MMGT1,5
MID2,5
MFSD3,5
MYOC,5
MECP2,5
MCTP2,5
MAS1L,5
MAN2C1,5
SFXN2,5
MAGEB18,5
MTMR11,5
NBPF15,5
P2RY11,5
OARD1,5
P2RX6,5
P2RX5,5
ORAI1,5
OR8G1,5
OR52M1,5
OR3A1,5
NXF3,5
NBPF6,5
NRAP,5
NME8,5
NLRP9,5
NIFK,5
NHSL2,5
NDUFV3,5
SERPINA7,5
WWC3,5
SFXN3,5
XIRP2,5
ZNF333,5
ZNF229,5
ZNF225,5
ZNF221,5
ZNF124,5
ZCCHC12,5
XAGE2,5
ZNF417,5
XAF1,5
WNK3,5
VWDE,5
VSIG1,5
USP51,5
UPB1,5
ZNF41,5
ZNF440,5
SIGLEC11,5
ZNF785,5
MAGEA10,5
ZRANB3,5
ZNF90,5
ZNF846,5
ZNF844,5
ZNF81,5
ZNF763,5
ZNF493,5
ZNF738,5
ZNF730,5
ZNF600,5
ZNF599,5
ZNF571,5
ZNF506,5
UNC93A,5
TUBB8B,5
TSPAN19,5
SSX7,5
TAS1R3,5
TACC2,5
SYNM,5
SULT1C4,5
STK11IP,5
STARD9,5
SRRD,5
TSNAXIP1,5
SPNS3,5
SPATC1,5
SLFN13,5
SLC2A11,5
SLC27A6,5
SLC25A53,5
TBX22,5
TCEAL6,5
TEP1,5
TEX13A,5
TEX52,5
TIGD1,5
TLR10,5
TMED3,5
TMEM134,5
TMEM255A,5
TOGARAM2,5
TP53I3,5
TRIM48,5
TRIM50,5
TRIM65,5
TRMT10B,5
TSGA10IP,5
MAGEB1,5
DDX53,5
MAGEA1,5
CHD1L,5
CNTLN,5
CNGB3,5
CNBD1,5
CLCN1,5
CLCA4,5
CHST7,5
CFAP99,5
COL23A1,5
CDK11A,5
CD96,5
CD5L,5
CD1B,5
CD109,5
CCR5,5
COL22A1,5
CPXCR1,5
EME2,5
CYP4F8,5
ECHDC2,5
DNASE2B,5
DLEC1,5
DCHS2,5
DCAF8L2,5
CYSLTR1,5
CYP2A6,5
CPZ,5
CYP1A1,5
CTSE,5
CTAG2,5
CRYBB3,5
CROT,5
CROCC2,5
CCDC198,5
CCDC183,5
CCDC178,5
ACSM4,5
ANO7,5
ANKRD42,5
AMER1,5
ALDH1L2,5
AKR1E2,5
ADCK2,5
ACAD10,5
CCDC17,5
ABTB1,5
ABCC2,5
ABCC12,5
ABCB6,5
ABCA13,5
MACC1,5
ARGFX,5
ARHGAP4,5
ARHGEF37,5
ATG4C,5
ATG9B,5
ATP10B,5
ATP11C,5
ATPSCKMT,5
AUNIP,5
BCO2,5
C16orf96,5
C4orf47,5
C4orf48,5
C8B,5
C9orf85,5
CCDC105,5
CCDC110,5
EFCAB6,5
ABCA5,5
EOLA2,5
IL3RA,5
ITPRID1,5
IRS4,5
IQGAP3,5
IQCN,5
IQCM,5
INSL6,5
IL20,5
KIAA1586,5
IL13RA2,5
IGSF1,5
IGLL5,5
IFNA5,5
IFI44L,5
IFI35,5
KCND1,5
KLF18,5
IDH3G,5
LMNTD1,5
ERAS,5
LTK,5
M1AP,5
LRRC53,5
LRCH2,5
LPIN3,5
LGALS3BP,5
KRT73,5
LENG9,5
LCE3B,5
LANCL3,5
LAMA3,5
KRTAP27-1,5
KRT74,5
IDI2,5
ITIH1,5
ICAM3,5
FHAD1,5
GABRE,5
G6PC2,5
FYB2,5
FUNDC1,5
FOXO6,5
FNDC4,5
FCN1,5
GBP3,5
FCGR1A,5
FCGBP,5
FAM221A,5
FAM151A,5
HSPA6,5
FADS6,5
GALNT8,5
FAM120C,5
GBP5,5
GPR151,5
GCKR,5
HDDC3,5
H2BW1,5
H2AP,5
GRIN3B,5
GPRC5D,5
HERC6,5
GPR119,5
GOLGA6L22,5
GJA10,5
GDPD2,5
HK3,5
GOLGA8Q,5
PRAMEF2,4
PPP1R15A,4
PPP1R27,4
PRAMEF1,4
PRAMEF11,4
PRAMEF14,4
PRDX4,4
PRDM7,4
PRDM9,4
PRICKLE3,4
PRIMPOL,4
PRPH,4
POTED,4
PRR30,4
PPEF2,4
PLA2R1,4
PLP2,4
PJA1,4
PSG1,4
PCDHB13,4
PCDHGA10,4
PCDHGA9,4
PEG3,4
PINX1,4
PKD2L1,4
PLIN5,4
PKDREJ,4
PLA2G3,4
PLAAT1,4
PLCXD1,4
PLEKHN1,4
PLET1,4
PRUNE2,4
SEMG1,4
PXN,4
SARM1,4
RSBN1,4
RTL9,4
RUBCNL,4
RUFY4,4
SAMD3,4
SAMD9L,4
SCEL,4
QRICH2,4
SCGB3A1,4
SEC14L3,4
SECTM1,4
SELENOO,4
SELENOV,4
SERPINA10,4
RRH,4
RPTN,4
RPS6KA6,4
ROS1,4
RNF225,4
RNF213,4
RHOXF2,4
REXO5,4
REPS2,4
RBPJL,4
RBM43,4
RBM23,4
RASSF6,4
RASAL3,4
RANBP3L,4
RAD54L,4
RAB44,4
PCDHAC1,4
NAP1L2,4
PASK,4
MX1,4
MST1R,4
MTERF2,4
MTUS1,4
MUC12,4
MUC16,4
MUC3A,4
MYH15,4
MS4A2,4
MYO15B,4
MYO3A,4
MYO3B,4
MYO7B,4
MYOF,4
MYOM2,4
MS4A6A,4
MS4A12,4
PARP15,4
METTL21C,4
MARCHF8,4
SERPINB10,4
MBNL3,4
MC1R,4
MEAK7,4
MEP1B,4
MGST1,4
MROH6,4
MIA2,4
MICU2,4
MIIP,4
MLANA,4
MLNR,4
MRGPRX1,4
NAALAD2,4
NAALADL1,4
NAIP,4
OR5D3P,4
OR11H4,4
OR12D2,4
OR1J2,4
OR4A16,4
OR4C3,4
OR51E1,4
OR6F1,4
NALF2,4
OR6K2,4
OR6P1,4
OTOG,4
PADI2,4
PAFAH2,4
PAGE3,4
OR11G2,4
OR10Z1,4
OAS1,4
NXPE2,4
NUDT19,4
NTN3,4
NOX5,4
NOC4L,4
NLRP12,4
NIPSNAP3B,4
NIBAN1,4
NFE2L3,4
NEURL2,4
NEIL1,4
NBPF8,4
NBPF19,4
NBPF12,4
SERPINA9,4
TRPM2,4
SERPINB4,4
XDH,4
VWA7,4
WDR64,4
WDR90,4
WHAMM,4
WRAP53,4
XAGE3,4
XNDC1N,4
ZNF223,4
ZBBX,4
ZDHHC11,4
ZKSCAN4,4
ZNF100,4
ZNF117,4
ZNF19,4
VWA3A,4
VWA2,4
VSIG10L,4
VPS13C,4
VIT,4
VILL,4
VIL1,4
UVSSA,4
USP6,4
USP17L10,4
UPP2,4
UNC13B,4
UGT2B15,4
UGT2A2,4
UGT1A10,4
UBXN10,4
TXNRD2,4
ZNF208,4
ZNF227,4
TTC21A,4
ZNF780B,4
ZNF705G,4
ZNF71,4
ZNF716,4
ZNF718,4
ZNF726,4
ZNF737,4
ZNF786,4
ZNF268,4
ZNF790,4
ZNF878,4
ZNF888,4
ZP4,4
ZSCAN32,4
MAMLD1,4
ZNF700,4
ZNF662,4
ZNF660,4
ZNF648,4
ZNF611,4
ZNF594,4
ZNF587,4
ZNF546,4
ZNF544,4
ZNF525,4
ZNF517,4
ZNF492,4
ZNF433,4
ZNF419,4
ZNF418,4
ZNF30,4
ZNF275,4
TTC39B,4
TSPAN10,4
SETD4,4
SLITRK4,4
SLC49A3,4
SLC5A9,4
SLC7A13,4
SLC9A7,4
SLCO1B1,4
SLFN5,4
SLX4IP,4
SPATS2,4
SMIM22,4
SMLR1,4
SMR3B,4
SPAG16,4
SPANXD,4
SPANXN3,4
SLC46A3,4
SLC38A5,4
SLC2A5,4
SLC27A3,4
SLC22A11,4
SLC22A10,4
SLC16A8,4
SLC16A11,4
SIRT5,4
SIRPB1,4
SIGLECL1,4
SIGLEC14,4
SI,4
SHCBP1L,4
SH3TC1,4
SETMAR,4
SETD6,4
SPATA4,4
SPINK14,4
TRMT44,4
TOP1MT,4
TMC2,4
TMEM191B,4
TMEM235,4
TMEM61,4
TMPRSS15,4
TNN,4
TOR3A,4
SRRM5,4
TP53AIP1,4
TPSB2,4
TRIB3,4
TRIM16,4
TRIM45,4
TRIM64C,4
TINCR,4
TIGD4,4
THEM5,4
THAP8,4
TGM6,4
TFEC,4
TEX15,4
TAS2R3,4
TAS1R2,4
SYTL5,4
SYTL2,4
SYNJ2,4
SYCE1L,4
STYXL2,4
STPG2,4
STARD8,4
STAB2,4
MAPK12,4
GJB4,4
MAMDC4,4
CD177,4
CCDC60,4
CCDC63,4
CCDC74A,4
CCDC87,4
CCDC9B,4
CCNB3,4
CD1C,4
CCDC171,4
CDC20B,4
CDH19,4
CDHR3,4
CDKL4,4
CDX4,4
CELA3A,4
CCDC30,4
CCDC146,4
DACH2,4
CAPN14,4
C4B,4
C6,4
C9orf50,4
CABP2,4
CABS1,4
CAPN11,4
CAPN2,4
CBR4,4
CARD6,4
CARD8,4
CASP10,4
CATSPER2,4
CAVIN3,4
CBR3,4
CFAP119,4
CFAP44,4
CFAP61,4
CRYGN,4
CPA4,4
CPLANE1,4
CPNE1,4
CR1L,4
CRYBG1,4
CRYBG2,4
CST9L,4
CFAP74,4
CT83,4
CUBN,4
CUL9,4
CXCL8,4
CYP2A7,4
CYP2C18,4
CORIN,4
COL7A1,4
COL20A1,4
COL15A1,4
COL10A1,4
CNMD,4
CMYA5,4
CMKLR2,4
CMC4,4
CLTCL1,4
CLDN20,4
CLCN5,4
CKMT1A,4
CHST9,4
CHRDL1,4
CHIT1,4
CFP,4
C22orf23,4
C22orf15,4
C20orf141,4
AFMID,4
ADCY4,4
ADGRE1,4
ADRA2B,4
ADSS1,4
AFF2,4
AFM,4
AGBL1,4
AMOT,4
AGBL2,4
AKR1C3,4
ALDH3A1,4
ALLC,4
ALOX15,4
ALPK1,4
ADAMTSL4,4
ADAMTS20,4
ADAM2,4
ACP3,4
ACOX2,4
ACOT4,4
ACOT12,4
ACOT1,4
ACKR2,4
ACE2,4
ACADL,4
ACAD11,4
ABCG8,4
ABCA8,4
ABCA6,4
A4GNT,4
MAGEE1,4
ALPK2,4
ANKRD23,4
C1orf127,4
BPIFB4,4
ATP1A4,4
ATP2C2,4
ATP8B3,4
AWAT2,4
BCLAF3,4
BDKRB1,4
BTN2A2,4
ANKRD30B,4
BTN3A2,4
C12orf56,4
C16orf74,4
C16orf78,4
C17orf107,4
C1QTNF8,4
ASPSCR1,4
ASPG,4
ART5,4
ARR3,4
ARMCX6,4
ARMCX4,4
ARL14,4
ARHGAP8,4
ARHGAP11B,4
AQP12A,4
APOOL,4
AP1G2,4
AOX1,4
AOAH,4
ANKRD61,4
ANKRD36B,4
ANKRD35,4
CYP39A1,4
A2ML1,4
DCD,4
HRG,4
HINT3,4
HLA-A,4
HNRNPCL1,4
HNRNPCL2,4
HPR,4
HPSE,4
HSD17B13,4
ITGAD,4
HTRA4,4
IFI44,4
IGFLR1,4
IGSF22,4
IL17RB,4
INCA1,4
HGFAC,4
HEPHL1,4
HEATR9,4
HEATR5A,4
HDAC10,4
HCAR3,4
HBZ,4
HAS1,4
H2BW2,4
H2BC6,4
GUF1,4
GSTT2B,4
GSG1,4
GSDME,4
GRK7,4
GPR34,4
GPR174,4
IRAK3,4
ITM2A,4
GPR101,4
LOXHD1,4
LCE1D,4
LDHAL6A,4
LHFPL1,4
LILRB1,4
LILRB5,4
LIPK,4
LRRC19,4
JHY,4
LRRC66,4
LRRD1,4
LTB4R2,4
LY9,4
LYG1,4
DCDC1,4
LARGE2,4
L3MBTL1,4
L3HYPDH,4
KRTCAP3,4
KRTAP21-2,4
KRTAP2-3,4
KRTAP10-3,4
KRTAP1-1,4
KRT81,4
KRT77,4
KRT26,4
KPNA7,4
KLHL13,4
KIF24,4
KIF17,4
KIAA0586,4
KDELR3,4
GPR152,4
INPP5B,4
GOLGA8T,4
EGFL8,4
DUOX1,4
ECRG4,4
ECT2L,4
EDN3,4
EFCAB13,4
EFHB,4
ELMO3,4
DRD4,4
ELOA2,4
ENTPD2,4
EPHA10,4
EPSTI1,4
ERCC6L,4
ERI2,4
DRD5,4
DQX1,4
EXD3,4
DIS3L,4
DDIAS,4
GNLY,4
DDX58,4
DDX60L,4
DERL3,4
DHX58,4
DMGDH,4
DPYS,4
DMKN,4
DNAH10,4
DNAH12,4
DPEP2,4
DPY19L4,4
DPYD,4
ESYT3,4
DUSP18,4
EXO1,4
GAL3ST4,4
FMO4,4
FMR1,4
FNDC7,4
FSIP2,4
GAB3,4
GAGE10,4
GALR3,4
FCSK,4
GCAT,4
GCNT3,4
GHDC,4
MAGEA8,4
GK2,4
GLIPR1L2,4
FGF22,4
GLB1L3,4
FCRL5,4
FAM227B,4
FCRL3,4
FAM13A,4
FAM183A,4
FAM186B,4
FAM200A,4
FAM217A,4
EXTL1,4
FAM53A,4
FANCM,4
FCAMR,4
FCHSD1,4
FAM98C,4
POLL,3
POTEB3,3
PON1,3
POMC,3
POLN,3
POLM,3
PLS3,3
PNPLA2,3
POGLUT3,3
PODNL1,3
PMFBP1,3
PMEL,3
PM20D1,3
PPP1R36,3
PLSCR2,3
PPFIA4,3
PRAMEF17,3
PPP1R3A,3
PPP1R42,3
PPP1R9A,3
PRAG1,3
PRAMEF12,3
PRAMEF15,3
PRKACG,3
PRODH2,3
PROZ,3
PRSS50,3
PRSS51,3
PRSS57,3
PRXL2B,3
PSAPL1,3
PLEKHG4,3
PLEKHG7,3
PCNX4,3
PLEK2,3
PECR,3
PHETA2,3
PGLYRP4,3
PGAM2,3
PGA5,3
PFKFB2,3
PERM1,3
PDZK1,3
PLD2,3
PDZD9,3
PDZD4,3
PDHA2,3
PDCD1LG2,3
PCSK1N,3
PTPN22,3
PHKB,3
PHKG1,3
PHLDB3,3
PHPT1,3
PHTF1,3
PIGZ,3
PILRA,3
PINK1,3
PIP,3
PIPOX,3
PKD2L2,3
PLA2G4B,3
PLA2G4D,3
PLA2G4F,3
PLA2G7,3
PLAAT5,3
PLB1,3
PSG3,3
SEMA3G,3
PUDP,3
RPEL1,3
RSAD2,3
RS1,3
RRP8,3
RRAGB,3
RPS6KL1,3
RPGR,3
RORC,3
RSRP1,3
RNLS,3
RNF217,3
RNF168,3
RNF148,3
RNF128,3
RNASE3,3
RSPH4A,3
RTL8A,3
PXDNL,3
SCML2,3
SEMA6C,3
PCDHGB2,3
SEMA3B,3
SCTR,3
SCNN1D,3
SCN10A,3
SCIN,3
RXFP3,3
SCGB1D1,3
SCFD2,3
SBK2,3
SAMD15,3
SAG,3
S100G,3
RLN1,3
RITA1,3
RIPPLY1,3
RAD51AP2,3
RDH16,3
RCCD1,3
RBM41,3
RARRES1,3
RAPGEF3,3
RAMACL,3
RAD21L1,3
RIMBP3,3
R3HDML,3
R3HDM4,3
QRFPR,3
PYROXD2,3
PYGM,3
PYCR3,3
RECQL,3
REM1,3
RERGL,3
REXO4,3
RFESD,3
RFPL1,3
RGL3,3
RGL4,3
RGPD1,3
RGPD3,3
RGS11,3
RGS20,3
RGSL1,3
RHBDD1,3
RHBG,3
RHNO1,3
RHOD,3
PCDHGB6,3
OR10W1,3
PCDHGA7,3
NLRP8,3
NPC2,3
NOXO1,3
NOXA1,3
NOMO3,3
NOD2,3
NLRX1,3
NLRP14,3
NPFFR1,3
NLRP13,3
NLRC4,3
NLRC3,3
NKX1-2,3
NIN,3
NID2,3
NPFF,3
NPHP4,3
PCDHGA12,3
NWD1,3
OGFOD3,3
ODF2L,3
OCM,3
OBP2A,3
OASL,3
OAS3,3
NUP210,3
NPIPB11,3
NUDT7,3
NUDT6,3
NT5C3B,3
NT5C1B,3
NSMAF,3
NRIP3,3
NIBAN3,3
NHS,3
NEK5,3
MT1X,3
MUTYH,3
MUCL3,3
MUC6,3
MUC5AC,3
MUC20,3
MTMR1,3
MSLN,3
NEK4,3
MS4A18,3
MROH8,3
MROH7,3
MRGPRX4,3
SERPINB11,3
MPZL2,3
MYBPC2,3
MYBPHL,3
MYEF2,3
MYF6,3
MYH13,3
MYLK2,3
MYO19,3
MYO1H,3
MYOM1,3
MYOM3,3
MYRFL,3
NACA2,3
NBEAL1,3
NBPF11,3
NCR3LG1,3
NEK11,3
NEK3,3
OLFML1,3
OLFML2B,3
OR10A6,3
OR7D4,3
OVGP1,3
OTOP3,3
OTOP1,3
OTOGL,3
OSGEPL1,3
OSBPL1A,3
OR7D2,3
OR5M8,3
OR6Y1,3
OR6V1,3
OR6C70,3
OR6C6,3
OR5W2,3
OR5T3,3
P2RY10,3
PACC1,3
PADI1,3
PADI3,3
PADI4,3
PAGE2B,3
PAGE4,3
PAGE5,3
PAQR6,3
PARP10,3
PARP2,3
PCDH19,3
PCDHA11,3
PCDHA12,3
PCDHA2,3
PCDHB1,3
PCDHB10,3
OR5T2,3
OR5H14,3
OR10AD1,3
OR4A5,3
OR4X1,3
OR4F15,3
OR4E2,3
OR4D9,3
OR4C15,3
OR4B1,3
OR2D3,3
OR5AU1,3
OR2AJ1,3
OR1L3,3
OR1J4,3
OR13J1,3
OR13C5,3
OR10AG1,3
OR51B2,3
OR51B4,3
OR51B5,3
OR51F1,3
OR51F2,3
OR51G1,3
OR51M1,3
OR51T1,3
OR52B2,3
OR52E8,3
OR52H1,3
OR56B1,3
OR56B2P,3
OR5A1,3
OR5A2,3
OR5AC2,3
OR5AP2,3
SEPTIN12,3
TPSD1,3
SETD9,3
UPK2,3
USP44,3
USP25,3
USP17L4,3
USH2A,3
UROC1,3
UPK3A,3
UNC5B,3
UTP14C,3
UNC45A,3
UNC13C,3
UGT3A1,3
UGT2B10,3
UGT1A9,3
UGT1A5,3
USP54,3
VCPKMT,3
TRAF5,3
WDR38,3
XRRA1,3
XIRP1,3
XG,3
WDR97,3
WDR53,3
WDR44,3
WDR31,3
VCX2,3
WDR3,3
WBP2NL,3
VWCE,3
VWA8,3
VSIG10L2,3
VCX3B,3
UEVLD,3
UBTFL1,3
UBE2U,3
TRIM43B,3
TRIM72,3
TRIM63,3
TRIM60,3
TRIM58,3
TRIM55,3
TRIM47,3
TRIM15,3
TYRP1,3
TRHR,3
TREH,3
TRDN,3
TRAT1,3
TRAP1,3
TRANK1,3
TRIOBP,3
TRMT61B,3
TROAP,3
TRPC5,3
TRPM1,3
TRPV4,3
TSBP1,3
TSGA13,3
TSPAN17,3
TSPAN6,3
TSPEAR,3
TSSK1B,3
TTC33,3
TTC34,3
TTLL2,3
TTN,3
TYR,3
ZACN,3
ZBP1,3
ZC3H12B,3
ZNF681,3
ZNF77,3
ZNF761,3
ZNF732,3
ZNF729,3
ZNF728,3
ZNF695,3
ZNF676,3
ZNF519,3
ZNF675,3
ZNF610,3
ZNF607,3
ZNF573,3
ZNF552,3
ZNF530,3
ZNF816,3
ZNF831,3
ZNF835,3
ZNF845,3
ZNF85,3
ZNF875,3
ZNF880,3
ZNF92,3
ZNF93,3
ZNF99,3
ZP1,3
ZSCAN5B,3
ZSCAN5C,3
ZSWIM2,3
ZSWIM6,3
ZXDA,3
MPP4,3
ZNF527,3
ZNF469,3
ZDHHC15,3
ZNF132,3
ZNF155,3
ZNF154,3
ZNF14,3
ZNF138,3
ZNF135,3
ZNF134,3
ZNF114,3
ZNF468,3
ZNF107,3
ZMYM5,3
ZKSCAN3,3
ZIM3,3
ZFR2,3
ZFP92,3
ZNF18,3
ZNF180,3
ZNF215,3
ZNF233,3
ZNF266,3
ZNF273,3
ZNF280A,3
ZNF283,3
ZNF343,3
ZNF396,3
ZNF426,3
ZNF429,3
ZNF439,3
ZNF442,3
ZNF449,3
ZNF461,3
ZNF467,3
TRAK2,3
TPTE2,3
SH2D4A,3
SLC8B1,3
SOAT2,3
SNX32,3
SNAI3,3
SMIM10,3
SLFN11,3
SLCO1C1,3
SLC7A4,3
SP140L,3
SLC5A2,3
SLC5A11,3
SLC4A9,3
SLC4A5,3
SLC44A4,3
SLC44A3,3
SOWAHD,3
SPAG4,3
TPSG1,3
SPATA48,3
SPIN3,3
SPIN2A,3
SPHK1,3
SPG7,3
SPATA9,3
SPATA7,3
SPATA31D4,3
SPAM1,3
SPATA31D1,3
SPATA31A7,3
SPATA20,3
SPANXN5,3
SPANXN4,3
SPANXN1,3
SLC39A5,3
SLC39A2,3
SLC38A11,3
SIDT1,3
SLC10A5,3
SLC10A3,3
SIRT3,3
SIRPD,3
SIGLEC9,3
SIGLEC15,3
SHPK,3
SLC36A2,3
SHISAL2A,3
SHISA5,3
SH3YL1,3
SH3D21,3
SH3BGRL,3
SH2D7,3
SLC13A1,3
SLC14A1,3
SLC14A2,3
SLC15A3,3
SLC16A4,3
SLC17A1,3
SLC17A4,3
SLC18A1,3
SLC22A24,3
SLC22A25,3
SLC22A9,3
SLC25A40,3
SLC25A41,3
SLC25A48,3
SLC26A1,3
SLC28A2,3
SLC2A8,3
SPINK5,3
SPOCK2,3
SPRR2D,3
THEMIS,3
TKTL2,3
TKTL1,3
TIRAP,3
TINAG,3
TIMP4,3
TIGD6,3
THBS3,3
TENM1,3
THAP10,3
TGM7,3
TGM4,3
TFE3,3
TEX38,3
TEX37,3
TLR1,3
TLR6,3
TLR7,3
TMC3,3
TMEM143,3
TMEM14B,3
TMEM161A,3
TMEM171,3
TMEM177,3
TMEM44,3
TMEM71,3
TMPRSS11E,3
TMPRSS7,3
TMPRSS9,3
TMSB15A,3
TNFRSF10B,3
TNMD,3
TEX13B,3
TEKT3,3
SSMEM1,3
SVOPL,3
TAAR8,3
TAAR2,3
SYTL3,3
SYTL1,3
SYT8,3
SYNPO2L,3
SV2C,3
TDRD6,3
SUSD2,3
SULT2A1,3
STPG1,3
STKLD1,3
STK36,3
ST7L,3
TAB3,3
TAF11L11,3
TAF11L14,3
TARBP1,3
TAS1R1,3
TAS2R14,3
TAS2R43,3
TBC1D2,3
TBC1D25,3
TBC1D31,3
TBC1D8,3
TBL1X,3
TBPL2,3
TC2N,3
TCEAL2,3
TCEAL9,3
TCHH,3
MPPE1,3
KLK4,3
MPO,3
CDK16,3
CEACAM21,3
CEACAM20,3
CEACAM19,3
CEACAM16,3
CDKL3,3
CDKL1,3
CDK15,3
CENPO,3
CDHR5,3
CDH17,3
CD38,3
CD209,3
CD200R1,3
CD1D,3
CEACAM3,3
CENPV,3
CHRNA6,3
CFAP57,3
CHRFAM7A,3
CHIA,3
CHADL,3
CHAC2,3
CFAP95,3
CFAP58,3
CFAP54,3
CEP112,3
CFAP210,3
CES5A,3
CES3,3
CERS4,3
CEP95,3
CEP89,3
CD180,3
CD160,3
CCZ1,3
CAPN9,3
CCDC113,3
CCDC102B,3
CC2D2B,3
CBY2,3
CATSPERG,3
CASQ1,3
CAPN6,3
CCT6B,3
CAPN13,3
CAMP,3
CALHM1,3
CACNA2D4,3
C9orf131,3
C8orf48,3
CCDC121,3
CCDC13,3
CCDC14,3
CCDC141,3
CCDC15,3
CCDC175,3
CCDC18,3
CCDC180,3
CCDC187,3
CCDC197,3
CCDC33,3
CCDC57,3
CCDC69,3
CCDC78,3
CCDC81,3
CCL4L2,3
CCNQ,3
CHRNA5,3
CIBAR2,3
ECH1,3
CYP4F2,3
DCLRE1C,3
DCDC2C,3
DCDC2B,3
CYYR1,3
CYP4X1,3
CYP4F3,3
CYP3A43,3
DENND2C,3
CYP2F1,3
CYP26C1,3
CYLC1,3
CTRC,3
CT47B1,3
CST7,3
DEFB115,3
DEPDC4,3
CIDEB,3
DNASE1L1,3
DUOXA2,3
DTHD1,3
DSPP,3
DPRX,3
DPEP3,3
DNTT,3
DNAI7,3
DFFB,3
DNAH9,3
DNAH11,3
DNAH1,3
DNAAF8,3
DISP3,3
DHRS7C,3
CST2,3
CSKMT,3
CSHL1,3
CLUL1,3
CNTN6,3
CNKSR1,3
CNDP1,3
CMTM1,3
CMA1,3
CLYBL,3
CLNK,3
CSF2RB,3
CLEC20A,3
CLEC12B,3
CLEC12A,3
CLCNKA,3
CKMT1B,3
CILP,3
CNTRL,3
COL16A1,3
COMTD1,3
COQ10A,3
CORO7,3
COX18,3
CPA1,3
CPA2,3
CPB2,3
CPHXL2,3
CPNE3,3
CPO,3
CPVL,3
CR1,3
CRACR2A,3
CRHR2,3
CRYBA2,3
C8orf34,3
C7orf31,3
C7,3
AHI1,3
ALDH1B1,3
AKR1C1,3
AKR1B15,3
AKNAD1,3
AKAP4,3
AIRE,3
AHCTF1,3
ALDH3B2,3
AGTRAP,3
AGBL5,3
AGBL4,3
AGBL3,3
AGAP6,3
AGAP5,3
ALDH1L1,3
ALG13,3
C6orf118,3
ANKRD27,3
ANO6,3
ANO2,3
ANLN,3
ANKZF1,3
ANKRD53,3
ANKRD34B,3
ANKLE1,3
ALG1L2,3
ANGPTL8,3
ANGPTL6,3
ANGEL1,3
AMY2B,3
ALPI,3
ALPG,3
ADRB3,3
ADPRH,3
ADGRG7,3
ABCC11,3
ACOT8,3
ACADSB,3
ABLIM1,3
ABI3BP,3
ABCG2,3
ABCC6,3
ABCB5,3
ADGRE3,3
ABCA10,3
AARSD1,3
AADACL2,3
AADAC,3
MPEG1,3
A3GALT2,3
ACOX3,3
ACOXL,3
ACSBG2,3
ACSF3,3
ACSM3,3
ACSM6,3
ADAL,3
ADAM20,3
ADAM21,3
ADAM32,3
ADAM7,3
ADAMTS7,3
ADAMTSL5,3
ADAP2,3
ADCY10,3
ADCY2,3
ADGRA2,3
ANO9,3
ANTXRL,3
ANXA10,3
BTN2A1,3
C11orf65,3
C10orf53,3
BTNL9,3
BTNL8,3
BTNL2,3
BTN3A3,3
BRS3,3
BDH1,3
BPIFB3,3
BPI,3
BPHL,3
BLZF1,3
BLVRB,3
BICDL2,3
C12orf73,3
C15orf48,3
C16orf46,3
C17orf80,3
C18orf63,3
C1QTNF3,3
C1orf53,3
C1orf56,3
C1orf94,3
C20orf173,3
C22orf39,3
C2CD4B,3
C2CD4D,3
C2orf76,3
C3orf20,3
C3orf62,3
C5orf63,3
BEST3,3
BCHE,3
AOC2,3
AQP7,3
ARMS2,3
ARHGEF5,3
ARHGEF4,3
ARHGEF18,3
ARHGAP40,3
ARAF,3
APPL2,3
BBOX1,3
APOO,3
APOBR,3
APOBEC3H,3
APLF,3
APBA3,3
AOC3,3
ARSI,3
ART1,3
ART3,3
ARVCF,3
AS3MT,3
ASB16,3
ASB18,3
ASTL,3
ATAD3B,3
ATAD3C,3
ATP12A,3
ATP7A,3
AURKC,3
AVPR2,3
B3GALT9,3
BAHD1,3
BARX2,3
DUXB,3
ABHD15,3
ECHDC3,3
KLF8,3
KLK9,3
KLK10,3
KLHL38,3
KLHL30,3
KLHDC7B,3
KLHDC4,3
KLF17,3
KLRF1,3
KLC3,3
KIZ,3
KIR3DL2,3
KIF2B,3
KIF25,3
KIAA2012,3
KLRC2,3
KRBOX4,3
IFNA7,3
KRTAP29-1,3
LAGE3,3
LACRT,3
L1TD1,3
KRTAP9-8,3
KRTAP5-3,3
KRTAP4-16,3
KRTAP24-1,3
KRT40,3
KRTAP13-1,3
KRTAP10-8,3
KRTAP10-7,3
KRTAP10-11,3
KRT82,3
KRT79,3
KIAA1755,3
KIAA1109,3
KIAA0408,3
IMPG1,3
IQCH,3
IQCE,3
IQCA1,3
INTS6L,3
INPP1,3
INKA2,3
ILDR1,3
KEL,3
IL9R,3
IL1RAPL2,3
IL17D,3
IL17B,3
IKBIP,3
IGSF23,3
IQUB,3
IRAK1BP1,3
ITGA10,3
ITGA2,3
ITGA7,3
ITPR3,3
ITSN2,3
IZUMO1,3
JSRP1,3
KANK4,3
KBTBD12,3
KCNK17,3
KCNMB3,3
KCNRG,3
KCTD19,3
KDM2B,3
KDM6A,3
LAMB4,3
LCN15,3
LCNL1,3
MDC1,3
METTL25B,3
MESP2,3
MELTF,3
MEGF11,3
MEDAG,3
MDM1,3
MCUB,3
MAPK8IP3,3
MCOLN3,3
MCM9,3
MCC,3
MBOAT4,3
MAST2,3
MASP2,3
METTL8,3
MGAM2,3
MGST2,3
MICAL1,3
MICALL2,3
MILR1,3
MINK1,3
MIPOL1,3
MLF1,3
MLKL,3
MMP10,3
MMRN1,3
MNDA,3
MOGAT3,3
MOXD1,3
ECM2,3
MORC4,3
MARCHF10,3
MAPK15,3
LDAH,3
LMNTD2,3
LRRC43,3
LRRC37A2,3
LRRC27,3
LPAR4,3
LPA,3
LMO7,3
LMF1,3
MAP10,3
LIPG,3
LILRB3,3
LILRA6,3
LGALS9B,3
LEXM,3
LDLRAP1,3
LRRC75B,3
LRRCC1,3
LRRFIP2,3
LRRIQ3,3
LRTM1,3
LRWD1,3
LTBP2,3
LVRN,3
LY75,3
LYPD3,3
LYPLAL1,3
LYZL1,3
MAGEB4,3
MAK,3
MAN2A2,3
MAN2B2,3
MANSC4,3
IGLL1,3
MMP25,3
IDNK,3
FIBCD1,3
FREM1,3
FOLR3,3
FMO2,3
FMN1,3
FLYWCH1,3
FKBP7,3
FGGY,3
FBXW8,3
FGFBP3,3
FGFBP1,3
FFAR1,3
FER1L6,3
FCRL4,3
FCRL2,3
FREM3,3
FRK,3
FRMD7,3
FRMPD4,3
FSCB,3
FSIP1,3
FTCD,3
FTHL17,3
FUCA2,3
FUT10,3
FUT6,3
GABRA3,3
GABRR3,3
GAL3ST2,3
GALNT6,3
GALNTL5,3
GALP,3
FCAR,3
FBXL6,3
GARIN1A,3
ENPP3,3
ERMARD,3
ERICH6,3
ERICH3,3
ERCC6L2,3
EPYC,3
EPS8L1,3
ENPEP,3
FBXL13,3
ENDOU,3
EMB,3
EHHADH,3
EDDM3A,3
IDE,3
EFHC2,3
ERMP1,3
ERVV-2,3
EXPH5,3
F11,3
F7,3
F8,3
FABP12,3
FAM118A,3
FAM149A,3
FAM149B1,3
FAM162B,3
FAM189B,3
FAM200B,3
FAM227A,3
FAM237A,3
FAM90A10,3
FBN3,3
GANC,3
ELF4,3
GARIN6,3
H4C12,3
HDX,3
HAVCR1,3
HAO2,3
HACL1,3
HABP2,3
H4C8,3
H3C1,3
HELB,3
H3-7,3
H2AL1Q,3
GYPB,3
GTF2IRD2,3
GSTM4,3
GSR,3
HEATR4,3
HELQ,3
GRM6,3
HS3ST6,3
ICA1L,3
HTR2B,3
GBP7,3
HSFX3,3
HSFX1,3
HSD17B1,3
HRC,3
HHIPL1,3
HPF1,3
HMMR,3
HLA-G,3
HLA-F,3
HLA-DPB1,3
HHIPL2,3
GRTP1,3
EFCAB5,3
GRK4,3
GOLGA8K,3
GCNT7,3
GCFC2,3
GRAMD2A,3
GDPD4,3
GFRAL,3
GIMAP8,3
GJC3,3
GK,3
GLIPR1L1,3
GLT6D1,3
GMFG,3
GOLGA6A,3
GOLGA6L2,3
GOLGA6L6,3
GEN1,3
GOLGA8S,3
GPR50,3
GP6,3
GPRASP2,3
GPRC5A,3
GPR89B,3
GPX7,3
GPR89A,3
GPR84,3
GPR39,3
GRAMD1C,3
GPR143,3
GPR142,3
GPATCH3,3
GCA,3
PPIF,2
PPAN,2
PPIAL4A,2
PPID,2
PPP1R14A,2
PPIL2,2
PPIL6,2
PPL,2
PPM1M,2
POTEJ,2
PPP1R2C,2
PPP1R3D,2
POU5F1B,2
PODN,2
POTEG,2
POTEF,2
POMZP3,2
POM121L12,2
POLK,2
PNPLA6,2
PNPLA3,2
PNMA6E,2
PNLIPRP3,2
PNLDC1,2
PLTP,2
PPY,2
PLPP6,2
PLPP5,2
PLK5,2
PPP4R3C,2
PRPF6,2
PRADC1,2
PRSS36,2
PRRT4,2
PRSS1,2
PRSS16,2
PRSS2,2
PRSS33,2
PRSS35,2
PRSS53,2
PRAF2,2
PRXL2A,2
PRXL2C,2
PSEN2,2
PSG2,2
PSKH2,2
PSMA8,2
PRRC1,2
PRR36,2
PRR33,2
PRR29,2
PRR23A,2
PROSER3,2
PROSER2,2
PROCA1,2
PROB1,2
PRLH,2
PRKD1,2
PRKAG1,2
PRH1,2
PREX2,2
PRAMEF7,2
PRAMEF20,2
PRAM1,2
PLEKHG6,2
PLA2G15,2
PLEKHG4B,2
PDZRN4,2
PDHX,2
PDK2,2
PDYN,2
PDZD2,2
PDZD3,2
PDZD7,2
PEAR1,2
PLEKHB1,2
PELI3,2
PER3,2
PEX11G,2
PF4,2
PFKL,2
PFKP,2
PDGFD,2
PDF,2
PDE6C,2
PDE4C,2
PDE1A,2
PCYOX1,2
PCOLCE2,2
PCNT,2
PCM1,2
PCDHGB1,2
PCDHGA3,2
PCDHB9,2
PCDHB8,2
PSMB10,2
PCDHB5,2
PCDHB4,2
PCDHB3,2
PGBD4,2
PGK2,2
PGM2,2
PIWIL2,2
PLEKHA4,2
PLEKHA1,2
PLD4,2
PLCH2,2
PLCE1,2
PLCD4,2
PLCB2,2
PLBD1,2
PLAC1,2
PLAAT4,2
PLA2G4C,2
PLA2G2D,2
PKP4,2
PIWIL4,2
PIP5KL1,2
PHACTR4,2
PIN4,2
PIM2,2
PILRB,2
PIK3R6,2
PIGG,2
PIGA,2
PIF1,2
PI4K2B,2
PI3,2
PI16,2
PHYKPL,2
PHRF1,2
PHLDB2,2
PHC2,2
PHF11,2
RHOT2,2
PSORS1C1,2
RPS6KB2,2
ROPN1L,2
RP2,2
RPE65,2
RPGRIP1,2
RPH3AL,2
RPP25,2
RRAS,2
PSRC1,2
RRP1,2
RRP1B,2
RSAD1,2
RSC1A1,2
RSPH10B,2
RSPO4,2
ROPN1,2
ROBO4,2
RNPEP,2
RNF39,2
RNF216,2
RNF212B,2
RNF207,2
RNF181,2
RNF175,2
RNF135,2
RNASE9,2
RNASE11,2
RMND5B,2
RMDN1,2
RIPPLY3,2
RIOX2,2
RILP,2
RTCA,2
RTKN2,2
RTN2,2
SCN11A,2
SEC14L6,2
SEC14L5,2
PCDHB16,2
SEC14L4,2
SDSL,2
SDR42E2,2
SDR39U1,2
SDR16C5,2
SDF2L1,2
SCUBE2,2
SCRN2,2
SCRN1,2
SCNN1A,2
SCN7A,2
SCLY,2
RTP1,2
SCGB3A2,2
SCARF1,2
SARDH,2
SAPCD1,2
SAP18,2
SAMD9,2
SAMD14,2
SAA2,2
SAA1,2
S100A3,2
RXFP1,2
RWDD2B,2
RTP5,2
RTP4,2
RIC3,2
RIBC2,2
RHPN1,2
PUS7L,2
RAB25,2
RAB17,2
RAB11FIP1,2
QSOX1,2
QPCTL,2
QPCT,2
PYHIN1,2
PYGB,2
PXT1,2
PXMP2,2
PXDN,2
PXDC1,2
PWWP2B,2
PVR,2
PTX3,2
RABEP2,2
PTPRN2,2
PTPN7,2
PTPN5,2
PTPN3,2
PTPN21,2
PTPN18,2
PTPDC1,2
PTK6,2
PTK2B,2
PTGIR,2
PTGER1,2
PTCHD1,2
PTCH2,2
PSTPIP1,2
RAB36,2
RABEPK,2
RHOXF2B,2
RCN3,2
RHEX,2
RHBDL2,2
RGS9,2
RGS3,2
RGS22,2
RGL2,2
RFX8,2
RFNG,2
REX1BD,2
REP15,2
REG3G,2
RECQL5,2
RDH13,2
RD3L,2
RCBTB2,2
RAD18,2
RBP5,2
RBP1,2
RBM44,2
RBKS,2
RBBP7,2
RASSF1,2
RASGRP4,2
RASAL1,2
RANBP1,2
RAI2,2
RAET1E,2
RADIL,2
RAD54B,2
RAD52,2
PCDHB2,2
ODF4,2
PCDHB14,2
NME4,2
NLRP2B,2
NLRP4,2
NLRP5,2
NLRP7,2
NMB,2
NME3,2
NMRAL1,2
ODAM,2
NMRK1,2
NMS,2
NMUR1,2
NMUR2,2
NOD1,2
NOL3,2
NLRP2,2
NLRP10,2
NLRC5,2
NLGN3,2
NKPD1,2
NIPSNAP3A,2
NIPAL2,2
NIF3L1,2
NID1,2
NHLRC3,2
NGEF,2
NEXN,2
NEXMIF,2
NEU3,2
NEU2,2
NEPRO,2
NELL1,2
NONO,2
NOTCH2NLC,2
NOX3,2
NUDT22,2
OCSTAMP,2
OCRL,2
OCIAD2,2
OBI1,2
OAZ3,2
OAS2,2
NYX,2
NXNL1,2
NUTM2D,2
NUTM2B,2
NUP210L,2
NUMB,2
NUDT9,2
NUDT8,2
NUDT10,2
NPAP1,2
NUDT1,2
NTPCR,2
NTHL1,2
NT5M,2
NT5DC3,2
NT5C1A,2
NSUN6,2
NSUN3,2
NRG4,2
NPW,2
NPIPB9,2
NPIPB6,2
NPEPL1,2
NPC1L1,2
NEK10,2
NEIL2,2
NEFH,2
MRI1,2
MT4,2
MT1F,2
MSRB2,2
MSR1,2
MS4A8,2
MS4A4E,2
MS4A15,2
MS4A14,2
MS4A10,2
MRPL53,2
MRPL1,2
MROH9,2
MROH1,2
MRNIP,2
MRGPRX3,2
MTERF1,2
MRGPRF,2
MRGPRE,2
MRGPRD,2
MREG,2
MRE11,2
MR1,2
MPZL3,2
MPV17L2,2
MPP3,2
MPP1,2
MPND,2
MPHOSPH9,2
SEL1L2,2
MPG,2
MTARC1,2
MTG1,2
NDUFA4L2,2
MYOZ3,2
NDRG1,2
NCF4,2
NBR1,2
NBPF3,2
NBPF20,2
NAV1,2
NAT8,2
NAT16,2
NAT14,2
NAP1L3,2
NAALADL2,2
MZF1,2
MZB1,2
MYRIP,2
MYO7A,2
MTHFD2L,2
MYO18B,2
MYO15A,2
MYL5,2
MYH7B,2
MYH10,2
MYBPH,2
MYBPC3,2
MYBBP1A,2
MXRA8,2
MX2,2
MVP,2
MTNR1A,2
MTMR7,2
MTHFSD,2
ODAD4,2
OGFR,2
PCDHA7,2
OR8I2,2
OR6T1,2
OR7C2,2
OR7G2,2
OR8B3,2
OR8B4,2
OR8B8,2
OR8J1,2
OGG1,2
OR8K3,2
OR9G4,2
OR9K2,2
OSBP2,2
OSMR,2
OTOA,2
OR6M1,2
OR6J1,2
OR6C76,2
OR6C68,2
OR6C65,2
OR6C3,2
OR6A2,2
OR5T1,2
OR5P3,2
OR5M3,2
OR5L1,2
OR5K4,2
OR5I1,2
OR5F1,2
OR5D18,2
OR5D14,2
OR5B3,2
OTOS,2
OVCH2,2
OXCT2,2
PAPOLB,2
PCDHA5,2
PCDHA3,2
PCDHA1,2
PCBP3,2
PBX4,2
PBDC1,2
PAX4,2
PATL2,2
PATJ,2
PARP4,2
PARP14,2
PAQR5,2
PAQR4,2
PAPPA2,2
PANX2,2
OXER1,2
PANO1,2
PAMR1,2
PALLD,2
PAGE1,2
PACRGL,2
PABPC3,2
PAAF1,2
P3H3,2
P3H2,2
P2RY13,2
P2RX4,2
P2RX2,2
OXNAD1,2
OXGR1,2
OR5B17,2
OR5B12,2
OR52R1,2
OR10K2,2
OR1N2,2
OR1E1,2
OR1D2,2
OR1B1,2
OR14C36,2
OR13G1,2
OR13F1,2
OR13C4,2
OR13C3,2
OR11H6,2
OR11A1,2
OR10T2,2
OR10Q1,2
OR10P1,2
OR10K1,2
OR2A14,2
OR10J1,2
OR10H4,2
OR10G9,2
OR10G3,2
OR10A4,2
OPTN,2
OPRM1,2
OPN4,2
OPLAH,2
OPALIN,2
OOSP1,2
OMA1,2
OLFML2A,2
OLAH,2
OR2A12,2
OR2A25,2
OR52N4,2
OR2Y1,2
OR52K2,2
OR52B4,2
OR52A5,2
OR52A1,2
OR51Q1,2
OR51L1,2
OR51G2,2
OR51E2,2
OR51B6,2
OR4K13,2
OR4F6,2
OR4D6,2
OR4D5,2
OR4A15,2
OR2W1,2
OR2AP1,2
OR2T6,2
OR2M7,2
OR2M4,2
OR2M2,2
OR2L5,2
OR2L3,2
OR2K2,2
OR2J3,2
OR2J2,2
OR2J1,2
OR2H1,2
OR2G2,2
OR2F2,2
OR2C1,2
SEC16B,2
TMOD4,2
SELENOM,2
UGT1A4,2
UBAP1L,2
UBXN11,2
UCN,2
UCP3,2
UGGT2,2
UGT1A3,2
UGT1A6,2
WDR76,2
UGT1A8,2
UGT2A1,2
UGT2A3,2
UGT2B11,2
UGT2B4,2
UGT2B7,2
UAP1L1,2
UACA,2
U2AF1L4,2
TYW1B,2
TYSND1,2
TXNRD1,2
TVP23A,2
TULP3,2
TULP2,2
TUBA3E,2
TTLL9,2
TTLL8,2
TTLL5,2
TTC38,2
TTC37,2
TTC30A,2
TTC3,2
UHRF1BP1,2
ULBP3,2
UMODL1,2
VHLL,2
WDR5B,2
WDR49,2
WDFY2,2
WBP1,2
VWA5B1,2
VWA5A,2
VWA3B,2
VWA1,2
VSX1,2
VSIG10,2
VRK2,2
VN1R2,2
VN1R1,2
VIPR1,2
VGLL1,2
UNC45B,2
VENTX,2
VAX2,2
UTS2R,2
UTRN,2
USP53,2
USP50,2
USP35,2
USP29,2
USP16,2
USP13,2
USP11,2
UPP1,2
UPK1A,2
UNKL,2
TTC29,2
TTC24,2
TTC23L,2
TP53TG5,2
TRIM34,2
TRIM31,2
TRIM22,2
TRIM21,2
TRIM17,2
TRAF3IP3,2
TRAF3IP1,2
TRABD2A,2
TRABD,2
TPSAB1,2
TPRG1,2
TPPP2,2
TPO,2
TPMT,2
TP53TG3D,2
TRIM4,2
TOPAZ1,2
TNXB,2
TNFSF18,2
TNFRSF6B,2
TNFRSF10D,2
TNFRSF10C,2
TMPRSS12,2
TMPRSS11D,2
TMPRSS11B,2
TMPRSS11A,2
TMIGD3,2
TMEM87B,2
TMEM86B,2
TMEM63A,2
TRIM38,2
TRIM40,2
TTC23,2
TRPC5OS,2
TTC16,2
TSSK4,2
TSSK3,2
TSSK2,2
TSSC4,2
TSPO2,2
TSPAN33,2
TSPAN32,2
TSPAN2,2
TSPAN11,2
TSGA10,2
TRPV3,2
TRPM5,2
TRPC6,2
TRPA1,2
TRIM49C,2
TRMT2A,2
TRMT13,2
TRMT1,2
TRMO,2
TRIP10,2
TRIML1,2
TRIM75,2
TRIM7,2
TRIM68,2
TRIM66,2
TRIM54,2
TRIM52,2
TRIM51G,2
TRIM5,2
WDR72,2
WDR93,2
SELENOS,2
ZNF671,2
ZNF587B,2
ZNF595,2
ZNF613,2
ZNF615,2
ZNF658,2
ZNF665,2
ZNF679,2
WDSUB1,2
ZNF69,2
ZNF692,2
ZNF697,2
ZNF701,2
ZNF705B,2
ZNF711,2
ZNF582,2
ZNF578,2
ZNF568,2
ZNF561,2
ZNF559-ZNF177,2
ZNF554,2
ZNF551,2
ZNF549,2
ZNF548,2
ZNF547,2
ZNF529,2
ZNF514,2
ZNF510,2
ZNF491,2
ZNF488,2
ZNF485,2
ZNF484,2
ZNF713,2
ZNF721,2
ZNF727,2
ZNF852,2
MOK,2
ZYG11A,2
ZXDB,2
ZUP1,2
ZSWIM9,2
ZSCAN9,2
ZSCAN26,2
ZSCAN23,2
ZSCAN16,2
ZSCAN12,2
ZSCAN1,2
ZRSR2,2
ZNF98,2
ZNF91,2
ZNF843,2
ZNF736,2
ZNF841,2
ZNF839,2
ZNF837,2
ZNF83,2
ZNF813,2
ZNF805,2
ZNF799,2
ZNF793,2
ZNF792,2
ZNF780A,2
ZNF778,2
ZNF774,2
ZNF76,2
ZNF75A,2
ZNF479,2
ZNF470,2
ZNF45,2
ZBTB8B,2
ZIK1,2
ZIC3,2
ZFYVE19,2
ZFYVE16,2
ZFP69B,2
ZFP69,2
ZDHHC9,2
ZDHHC18,2
ZDHHC13,2
ZDHHC12,2
ZDBF2,2
ZCWPW1,2
ZCCHC4,2
ZC3H12C,2
ZBED9,2
ZMAT1,2
ZBED5,2
ZBED3,2
YJEFN3,2
YIPF7,2
XYLB,2
XKR5,2
XCR1,2
XCL2,2
WNK4,2
WIPI1,2
WIPF3,2
WFDC8,2
WFDC3,2
WFDC1,2
ZKSCAN7,2
ZMYM6,2
ZNF443,2
ZNF311,2
ZNF44,2
ZNF432,2
ZNF431,2
ZNF430,2
ZNF43,2
ZNF415,2
ZNF414,2
ZNF391,2
ZNF354C,2
ZNF347,2
ZNF33B,2
ZNF337,2
ZNF335,2
ZNF334,2
ZNF277,2
ZMYND15,2
ZNF264,2
ZNF256,2
ZNF254,2
ZNF25,2
ZNF239,2
ZNF23,2
ZNF226,2
ZNF224,2
ZNF222,2
ZNF214,2
ZNF177,2
ZNF175,2
ZNF169,2
ZNF165,2
TMEM62,2
TMEM54,2
TMEM52,2
SLF1,2
SLC6A5,2
SLC9A4,2
SLC9A6,2
SLC9B1,2
SLC9B2,2
SLCO1A2,2
SLFN12,2
TMEM47,2
SLFN12L,2
SLITRK2,2
SLK,2
SLX9,2
SMCO2,2
SMIM5,2
SLC6A20,2
SLC6A14,2
SLC6A13,2
SLC5A10,2
SLC52A1,2
SLC47A2,2
SLC47A1,2
SLC39A11,2
SLC38A6,2
SLC36A4,2
SLC35G6,2
SLC35G2,2
SLC35E4,2
SLC35D2,2
SLC35B3,2
SLC35A5,2
SLC34A3,2
SMPDL3A,2
SMTNL1,2
SMYD4,2
SPATA33,2
SRI,2
SRARP,2
SPX,2
SPPL2B,2
SPOCD1,2
SPINT3,2
SPINK9,2
SPEM2,2
SPEF2,2
SPDYE21,2
SPDYE12,2
SPATC1L,2
SPATA6,2
SPATA45,2
SPATA24,2
SNAPC1,2
SPATA22,2
SPATA21,2
SPATA19,2
SPATA18,2
SPATA17,2
SPATA1,2
SPAG17,2
SPAG11B,2
SPAG1,2
SP100,2
SOX3,2
SOAT1,2
SNX31,2
SNTG2,2
SLC34A1,2
SLC30A8,2
SLC2A7,2
SH2D2A,2
SIPA1L3,2
SIGLEC8,2
SIGLEC7,2
SIGLEC1,2
SIGIRR,2
SHROOM1,2
SHMT1,2
SHE,2
SH3TC2,2
SH3D19,2
SH3BGR,2
SH2D5,2
SH2D4B,2
SH2D3A,2
SGK2,2
SIRPG,2
SFTPD,2
SFTPA2,2
SFT2D3,2
SERPINE3,2
SERPIND1,2
SERPINB8,2
SERPINB7,2
SERPINB3,2
SERPINB13,2
SERPINA4,2
SERINC4,2
SEPTIN6,2
SEPTIN14,2
SEMA4A,2
SIRPB2,2
SIX4,2
SLC2A6,2
SLC22A16,2
SLC2A4RG,2
SLC2A4,2
SLC29A3,2
SLC28A1,2
SLC27A5,2
SLC26A11,2
SLC25A52,2
SLC25A31,2
SLC25A29,2
SLC25A24,2
SLC24A1,2
SLC22A4,2
SLC22A31,2
SLC22A3,2
SLC22A13,2
SLA2,2
SLC22A12,2
SLC1A5,2
SLC18B1,2
SLC17A9,2
SLC17A3,2
SLC16A5,2
SLC15A2,2
SLC15A1,2
SLC12A8,2
SLC12A3,2
SLC12A1,2
SLC10A6,2
SLC10A2,2
SLC10A1,2
SRSF8,2
SSTR4,2
SSTR5,2
TGM5,2
TKFC,2
TJP3,2
TIMP1,2
TIMM17B,2
TIMD4,2
TIGD7,2
TIFA,2
TIAM2,2
THYN1,2
THUMPD2,2
THNSL1,2
THEMIS2,2
THAP9,2
THAP5,2
TGFBR3,2
TLR3,2
TG,2
TFG,2
TEX9,2
TEX55,2
TEX51,2
TEX48,2
TEX47,2
TEX45,2
TEX43,2
TEX35,2
TEX33,2
TET2,2
TESPA1,2
TES,2
TLCD5,2
TLR4,2
TEKT5,2
TMEM176B,2
TMEM270,2
TMEM26,2
TMEM248,2
TMEM236,2
TMEM234,2
TMEM232,2
TMEM230,2
TMEM225B,2
TMEM223,2
TMEM221,2
TMEM212,2
TMEM207,2
TMEM185A,2
TMEM179B,2
TMEM175,2
TLR5,2
TMEM168,2
TMEM140,2
TMEM132C,2
TMEM132A,2
TMEM129,2
TMEM119,2
TMED6,2
TMED4,2
TMC8,2
TMC6,2
TMC5,2
TMC4,2
TMC1,2
TLR9,2
TEPP,2
TEKT2,2
SSU72P3,2
STOML3,2
SUPT20HL1,2
SUN5,2
SUN3,2
SULT6B1,2
SULT1E1,2
SULT1A1,2
SUCO,2
SUCNR1,2
SUCLG2,2
STX19,2
STX10,2
STPG3,2
STOX1,2
STON1,2
STOML1,2
SUSD3,2
STK26,2
STK17A,2
STK10,2
STEAP4,2
STEAP2,2
STARD7,2
STARD6,2
STARD5,2
STAP2,2
STAB1,2
ST6GALNAC4,2
ST6GALNAC2,2
SSX3,2
SSUH2,2
SUSD1,2
SYCE1,2
TEKT1,2
TBCE,2
TECTB,2
TECTA,2
TECRL,2
TDRD9,2
TDRD12,2
TDRD10,2
TDO2,2
TCTE1,2
TCP11L2,2
TCHP,2
TCHHL1,2
TCAIM,2
TCAF2,2
TBX10,2
TBC1D4,2
SYNE3,2
TBC1D28,2
TBC1D17,2
TBC1D10C,2
TBC1D1,2
TATDN3,2
TAS2R38,2
TAS2R10,2
TAS2R1,2
TARM1,2
TAPBPL,2
TAF11L2,2
TAAR9,2
SYNRG,2
SYNE4,2
MOSPD1,2
RHBDL3,2
MOCOS,2
CGB7,2
CFAP52,2
CFAP53,2
CFAP69,2
CFAP91,2
CFHR2,2
CFTR,2
CGN,2
CNPY1,2
CHGA,2
CHID1,2
CHM,2
CHML,2
CHMP4A,2
CHPF2,2
CFAP43,2
CFAP300,2
CFAP276,2
CFAP251,2
CFAP20DC,2
CFAP206,2
CETN3,2
CES1,2
CERS5,2
CEP85L,2
CEP72,2
CEP70,2
CEP57L1,2
CEP250,2
CEP162,2
CEP128,2
CEP126,2
CHPT1,2
CHRDL2,2
CHRNA10,2
CLEC4D,2
CNGA4,2
CNGA3,2
CNBD2,2
CMSS1,2
CLRN1,2
CLIP1,2
CLIC2,2
CLHC1,2
CLGN,2
CLEC9A,2
CLEC7A,2
CLEC4M,2
CLEC4F,2
CLEC4E,2
CLEC19A,2
CHRNB4,2
CLEC18C,2
CLDN25,2
CLDN22,2
CLDN18,2
CLCN4,2
CLCA2,2
CLCA1,2
CLBA1,2
CIRBP,2
CIP2A,2
CILK1,2
CIB4,2
CIAO2A,2
CHST8,2
CENPS,2
CENPQ,2
CENPJ,2
CCDC166,2
CCDC96,2
CCDC89,2
CCDC83,2
CCDC77,2
CCDC73,2
CCDC50,2
CCDC42,2
CCDC40,2
CCDC39,2
CCDC28A,2
CCDC27,2
CCDC190,2
CCDC188,2
CCDC185,2
CCDC160,2
CCER1,2
CCDC158,2
CCDC150,2
CCDC148,2
CCDC144A,2
CCDC142,2
CCDC138,2
CCDC136,2
CCDC122,2
CCDC107,2
CC2D1A,2
CBY3,2
CBWD6,2
CBWD3,2
CATSPER4,2
CCDC97,2
CCKAR,2
CEMP1,2
CDC7,2
CELSR1,2
CELA3B,2
CELA2B,2
CELA2A,2
CELA1,2
CEL,2
CEBPZOS,2
CEACAM6,2
CEACAM4,2
CDYL2,2
CDK5RAP2,2
CDHR2,2
CDH24,2
CDCA7L,2
CDC42BPG,2
CCL18,2
CDC25C,2
CDADC1,2
CD82,2
CD3G,2
CD300C,2
CD276,2
CD207,2
CD200R1L,2
CD163L1,2
CCZ1B,2
CCT8L2,2
CCS,2
CCNDBP1,2
CCM2L,2
CNNM1,2
CNPY4,2
DUSP23,2
DEPDC7,2
DELE1,2
DENND1C,2
DENND2D,2
DENND3,2
DEPDC1,2
DEPDC1B,2
DEPTOR,2
CNTF,2
DEUP1,2
DFFA,2
DGAT2,2
DGKG,2
DHRS1,2
DHRS12,2
DEFB113,2
DEFB112,2
DEFB1,2
DECR2,2
DECR1,2
DDX60,2
DDX52,2
DDX51,2
DDX43,2
DDX25,2
DCT,2
DCSTAMP,2
DCST2,2
DCLK3,2
DCBLD2,2
DBX2,2
DAW1,2
DHRS4,2
DHRS7,2
DHTKD1,2
DOK2,2
DTWD2,2
DTNB,2
DTD2,2
DSG4,2
DSG3,2
DSC3,2
DRC7,2
DRC1,2
DRAXIN,2
DPP4,2
DPP3,2
DPEP1,2
DOP1B,2
DOK7,2
DOCK10,2
DHX34,2
DOCK1,2
DNASE1L2,2
DNASE1,2
DNAJC28,2
DNAJB7,2
DNAI3,2
DNAH8,2
DNAH6,2
DNAH5,2
DNAH2,2
DNAH17,2
DNAAF11,2
DMC1,2
DIPK1B,2
DAPL1,2
DAO,2
CZIB,2
CORO6,2
CSF3R,2
CSAD,2
CRP,2
CROCC,2
CRLF2,2
CRISPLD1,2
CRISP2,2
CRISP1,2
CREB3L2,2
CREB3,2
CRAT,2
CPXM2,2
CPT1B,2
CPB1,2
CORO2A,2
CSN1S1,2
CORO1B,2
COPZ2,2
COMP,2
COLQ,2
COL5A3,2
COL4A5,2
COL28A1,2
COL26A1,2
COL24A1,2
COL18A1,2
COBLL1,2
COA1,2
CNTROB,2
CNTNAP3,2
CSH2,2
CSNK1A1L,2
CYSRT1,2
CUZD1,2
CYS1,2
CYP4F11,2
CYP4B1,2
CYP3A4,2
CYP2E1,2
CYP2B6,2
CYP27C1,2
CYP20A1,2
CYB5R2,2
CYB5D2,2
CYB561D2,2
CXorf65,2
CXCR1,2
CXCL9,2
CTU2,2
CSNK2A3,2
CTSZ,2
CTSL,2
CTSH,2
CTSF,2
CTSC,2
CTNNA3,2
CTHRC1,2
CTBP2,2
CT55,2
CSTPP1,2
CSTL1,2
CST9,2
CST6,2
CSPG4,2
CAT,2
CAST,2
CASP7,2
ANKRD31,2
ANKK1,2
ANKMY1,2
ANKRD18B,2
ANKRD2,2
ANKRD22,2
ANKRD26,2
ANKRD36C,2
CASP5,2
ANKUB1,2
ANO10,2
ANO5,2
ANOS1,2
ANTKMT,2
ANXA11,2
ANKDD1B,2
ANKDD1A,2
ANKAR,2
ANGPTL7,2
ANGPTL4,2
ANGPTL3,2
ANGPTL1,2
ANG,2
AMZ1,2
AMY2A,2
AMPD1,2
AMIGO3,2
AMELX,2
AMBP,2
AMBN,2
ALOXE3,2
ALOX5,2
ANXA3,2
ANXA4,2
ANXA5,2
APOL5,2
ARHGEF39,2
ARHGEF35,2
ARHGEF28,2
ARHGEF26,2
ARHGEF25,2
ARHGEF15,2
ARHGEF10,2
ARHGAP36,2
ARHGAP33,2
ARHGAP27,2
ARHGAP19,2
ARAP2,2
AR,2
APOLD1,2
APOL4,2
ANXA7,2
APOL3,2
APOH,2
APOC4,2
APOC1,2
APOBEC3G,2
APOBEC3D,2
APOBEC3A,2
APOB,2
APOA5,2
APEX2,2
AP5Z1,2
AOC1,2
ANXA8L1,2
ANXA8,2
ALOX15B,2
ALOX12,2
ALMS1,2
ACAA1,2
ADAM28,2
ADAM12,2
ACTL7A,2
ACTBL2,2
ACSM5,2
ACSM2B,2
ACSM1,2
ACP6,2
ACOT13,2
ACO1,2
ACKR4,2
ACKR1,2
ACBD7,2
ACACB,2
ABRA,2
ADAM9,2
ABHD4,2
ABHD14A,2
ABHD12B,2
ABHD1,2
ABCG5,2
ABCD1,2
ABCC3,2
ABCB8,2
AASDH,2
AAMDC,2
AADACL3,2
AAAS,2
A2M,2
MNS1,2
ADAM29,2
ADAMTS14,2
ALKBH6,2
AGXT2,2
ALKBH2,2
ALKAL1,2
ALDH8A1,2
ALDH3B1,2
AKR7A3,2
AKR7A2,2
AKAP9,2
AKAP14,2
AK9,2
AK8,2
AIM2,2
AIFM3,2
AIF1,2
AHSP,2
AGR3,2
ADAMTS17,2
AGER,2
AGAP4,2
AGAP3,2
AEN,2
ADH4,2
ADH1A,2
ADGRV1,2
ADGRL4,2
ADGRF3,2
ADGRF1,2
ADGRD2,2
ADGB,2
ADCY7,2
ADAT1,2
ARID3C,2
ARL14EPL,2
ARL9,2
C19orf18,2
C2CD6,2
C22orf31,2
C20orf96,2
C20orf202,2
C1orf87,2
C1orf210,2
C1orf141,2
C1orf100,2
C1RL,2
C1QTNF7,2
C1QTNF5,2
C1QTNF4,2
C1QA,2
C19orf44,2
C17orf98,2
C2orf50,2
C17orf97,2
C17orf113,2
C17orf100,2
C16orf89,2
C16orf86,2
C15orf40,2
C14orf28,2
C14orf132,2
C12orf42,2
C10orf90,2
C10orf120,2
BTN3A1,2
BST1,2
BSPH1,2
C2orf16,2
C2orf73,2
BRD8,2
CABYR,2
CASP14,2
CARNS1,2
CARMIL3,2
CARMIL1,2
CARD18,2
CARD14,2
CAPG,2
CALR3,2
CALHM6,2
CALHM4,2
CALHM3,2
CALCOCO2,2
CAGE1,2
CACNG6,2
CA4,2
C2orf81,2
CA14,2
CA1,2
C9orf43,2
C9,2
C8orf89,2
C7orf61,2
C7orf50,2
C6orf89,2
C6orf132,2
C5orf52,2
C5orf46,2
C5AR2,2
C5,2
C4orf50,2
BROX,2
BPIFB6,2
ARMC2,2
ASIC5,2
AXDND1,2
ATP6V0D2,2
ATP5MGL,2
ATP2B3,2
ATP2A1,2
ATP13A4,2
ATP10D,2
ATL3,2
ATG16L2,2
ATE1,2
ATAT1,2
ASPN,2
ASMTL,2
ASMT,2
ASIC3,2
AZU1,2
ASB9,2
ASB8,2
ASB15,2
ASB14,2
ASAH2,2
ART4,2
ARSJ,2
ARSG,2
ARRDC4,2
ARRDC2,2
ARNTL2,2
ARMCX5-GPRASP2,2
ARMCX5,2
ARMCX1,2
AZGP1,2
B3GNT4,2
BPIFB1,2
BECN2,2
BNIPL,2
BNIP5,2
BLOC1S6,2
BLMH,2
BLM,2
BIRC7,2
BIN3,2
BIK,2
BHMT2,2
BHLHB9,2
BHLHA9,2
BGLAP,2
BEST4,2
BEND5,2
BDH2,2
B3GNT6,2
BCORL1,2
BCOR,2
BCO1,2
BCL3,2
BCL2L14,2
BCAT1,2
BCAS1,2
BCAM,2
BBOF1,2
BANK1,2
BAIAP2L2,2
BAG4,2
BAG1,2
B4GALNT2,2
DUS3L,2
ARHGEF16,2
DUXA,2
KLHDC1,2
KIF27,2
KIF4B,2
KIF6,2
KIR2DL3,2
KIRREL2,2
KLF14,2
KLHDC7A,2
LAD1,2
KLHDC9,2
KLHL17,2
KLHL25,2
KLHL31,2
KLHL33,2
KLK14,2
KIF20B,2
KIF16B,2
KIAA1614,2
KIAA1549L,2
KIAA1143,2
KIAA0825,2
KDM4F,2
KCTD20,2
KCTD18,2
KCNV2,2
KCNU1,2
KCNK7,2
KCNK6,2
KCNK18,2
KCNK15,2
KCNJ16,2
KCNJ14,2
KLK15,2
KLLN,2
KLRC3,2
KRT86,2
LACTB2,2
KRTAP9-6,2
KRTAP5-6,2
KRTAP5-1,2
KRTAP4-7,2
KRTAP4-4,2
KRTAP4-1,2
KRTAP3-3,2
KRTAP22-1,2
KRTAP20-3,2
KRTAP13-2,2
KRTAP12-4,2
KRTAP10-6,2
KRTAP10-10,2
KRT83,2
KLRG2,2
KRT75,2
KRT6C,2
KRT4,2
KRT33B,2
KRT33A,2
KRT3,2
KRT24,2
KRT20,2
KRT19,2
KRT15,2
KRBA2,2
KNOP1,2
KMO,2
KLRK1,2
KCNH6,2
KCNG4,2
KCNAB3,2
IFNA6,2
IL2RB,2
IL25,2
IL22RA2,2
IL1RL2,2
IL1RL1,2
IL17RC,2
IL16,2
IL13RA1,2
IGSF5,2
IGFBP1,2
IGF2R,2
IFNL2,2
IFNK,2
IFNE,2
IFNA21,2
IL33,2
IFIT5,2
IFI6,2
IFI30,2
IBSP,2
HYKK,2
HYI,2
HUS1B,2
HTR3E,2
HTR3C,2
HTN1,2
HSPA1L,2
HSPA12B,2
HSDL2,2
HSD3B1,2
IL2RG,2
IL36B,2
KCNA7,2
ITGB3BP,2
KBTBD3,2
KBTBD13,2
KATNIP,2
KASH5,2
KANTR,2
KANK1,2
IZUMO4,2
IZUMO3,2
IZUMO1R,2
ITPRIPL1,2
ITM2C,2
ITIH5,2
ITIH3,2
ITIH2,2
ITGAX,2
IL4I1,2
ITGAE,2
ISX,2
IRX6,2
IRAK2,2
IRAK1,2
IQCK,2
IQCB1,2
IQANK1,2
IP6K3,2
INSRR,2
INSM2,2
INPP5J,2
IL9,2
IL5RA,2
LACTBL1,2
LAIR2,2
HSBP1L1,2
MATN1,2
MAPK13,2
MARCHF4,2
MARCO,2
MARVELD3,2
MAS1,2
MAST4,2
MAVS,2
LAMA5,2
MBD3L5,2
MBOAT1,2
MCM8,2
MCMDC2,2
MCPH1,2
MDH1B,2
MAP4,2
MAP3K19,2
MAP1LC3B2,2
MAOB,2
MANEA,2
MAMDC2,2
MAGEB3,2
MAGEA3,2
MAB21L3,2
LYZL2,2
LYPD5,2
LY96,2
LY6G5B,2
LXN,2
LURAP1,2
LTF,2
LSMEM2,2
MEGF6,2
MEIOB,2
MEIOSIN,2
MINDY1,2
MMP3,2
DXO,2
MMP19,2
MMP12,2
MMEL1,2
MLIP,2
MLH3,2
MLC1,2
MKRN2OS,2
MKI67,2
MISP3,2
MIS18BP1,2
MINDY4B,2
MINDY4,2
MINAR1,2
MEIS3,2
MID1,2
MICB,2
MGAT4D,2
MFSD4B,2
MFSD2B,2
MFSD10,2
MFGE8,2
METTL2B,2
METTL2A,2
METTL27,2
METTL24,2
METTL22,2
METAP1D,2
MELK,2
LRRN4,2
LRRK2,2
LRRIQ1,2
LDHC,2
LINC02218,2
LIMCH1,2
LILRB2,2
LILRA5,2
LHPP,2
LHFPL7,2
LGALS9C,2
LGALS13,2
LGALS12,2
LETM2,2
LENG1,2
LEFTY1,2
LECT2,2
LDLR,2
LDHAL6B,2
LIX1,2
LCN8,2
LCN6,2
LCN12,2
LCMT2,2
LCE5A,2
LCE4A,2
LCE1A,2
LCA5L,2
LBP,2
LAYN,2
LAX1,2
LARP1B,2
LAP3,2
LANCL1,2
LIPH,2
LLPH,2
LRRFIP1,2
LRRC15,2
LRRC8E,2
LRRC74B,2
LRRC74A,2
LRRC72,2
LRRC70,2
LRRC69,2
LRRC46,2
LRRC42,2
LRRC39,2
LRRC37B,2
LRRC37A,2
LRRC34,2
LRRC23,2
LRRC20,2
LRRC14B,2
LMAN1L,2
LRIT3,2
LRIT2,2
LRIT1,2
LRIG2,2
LRIG1,2
LRGUK,2
LPO,2
LOXL4,2
LONP2,2
LNP1,2
LMLN,2
LMF2,2
LMCD1,2
LMBR1L,2
HSD17B2,2
LRRN4CL,2
HRH4,2
FAM217B,2
FAM166B,2
FAM170A,2
FAM177B,2
FAM184A,2
FAM187A,2
FAM209A,2
FAM246B,2
FOXI2,2
FAM24A,2
FAM47A,2
FAM47E,2
FAM89A,2
FAM90A1,2
FAM90A27P,2
FAM161A,2
FAM136A,2
FAM135A,2
FAM133A,2
FAM131A,2
FAM120B,2
FAM114A2,2
FAM111B,2
FAHD2B,2
FAAP20,2
F13B,2
F12,2
EZHIP,2
EXOG,2
EXOC6,2
EXOC3L1,2
EXO5,2
FARP2,2
FASTKD1,2
FAXDC2,2
FETUB,2
FOXD4L1,2
FOCAD,2
FN3KRP,2
FMR1NB,2
FMO5,2
FLNA,2
FLACC1,2
FKBP9,2
FKBP11,2
FHOD1,2
FHDC1,2
FGL2,2
FGFBP2,2
FGF16,2
FCRL6,2
FBRSL1,2
FCRL1,2
FCN3,2
FCGR2A,2
FCER1A,2
FBXW5,2
FBXW12,2
FBXW10B,2
FBXW10,2
FBXO44,2
FBXO40,2
FBXO36,2
FBXO27,2
FBXO16,2
FBXL12,2
EXD1,2
EVI5,2
ETV4,2
EFCAB8,2
EMC9,2
ELSPBP1,2
ELOVL2,2
ELMOD3,2
ELL3,2
ELAPOR1,2
EIF5AL1,2
EIF4EBP3,2
EIF2S3B,2
EIF2A,2
EHBP1L1,2
EGFLAM,2
EFHC1,2
EFCC1,2
EFCAB2,2
EME1,2
EFCAB12,2
EEF2KMT,2
EEF2K,2
EDN2,2
ECM1,2
ECI2,2
EBNA1BP2,2
EBLN2,2
DZANK1,2
DYTN,2
DYRK4,2
HPS5,2
DYNLT3,2
DYNLT5,2
EMCN,2
EMID1,2
ETV3L,2
EPS8L3,2
ETV1,2
ESYT1,2
ESR2,2
ESPNL,2
ESD,2
ERVMER34-1,2
ERV3-1,2
ERRFI1,2
ERN2,2
ERMAP,2
ERICH6B,2
ERICH4,2
ERCC5,2
EQTN,2
EPN3,2
EMILIN2,2
EPHX3,2
EPHX2,2
EPB41L4A,2
EP400,2
ENTR1,2
ENTPD8,2
ENTPD7,2
ENTPD4,2
ENTPD3,2
ENPP7,2
ENOSF1,2
ENO4,2
ENKD1,2
ENGASE,2
FOXE3,2
ENDOV,2
FPGT,2
GTPBP8,2
GSTM1,2
GSTO2,2
GSTP1,2
GTDC1,2
GTF2A1L,2
GTPBP10,2
GUCA1B,2
GPR35,2
GUCY2D,2
GXYLT2,2
GYS2,2
GZMB,2
GZMM,2
H1-6,2
GSTCD,2
GSTA3,2
GSTA2,2
GSTA1,2
GSN,2
GSDMC,2
GSDMA,2
GRK1,2
GRIPAP1,2
GRIFIN,2
GRID2IP,2
GRHPR,2
GREP1,2
GRB14,2
GPRIN3,2
GPRC6A,2
GPR87,2
H2AC4,2
H2BC8,2
H3C4,2
HIP1R,2
HORMAD2,2
HOGA1,2
HOXB7,2
FRG2,2
HOATZ,2
HMOX2,2
HMGN5,2
HMGB1P1,2
HMCN1,2
HLTF,2
HLA-DOB,2
HLA-B,2
HKDC1,2
HJV,2
HINT2,2
H4C3,2
HIF3A,2
HIBADH,2
HES3,2
HELZ2,2
HEBP1,2
HDAC6,2
HCN3,2
HBQ1,2
HAX1,2
HAUS7,2
HASPIN,2
HAP1,2
HAL,2
H4C5,2
GPR62,2
HEPACAM2,2
GPR32,2
GCC2,2
GJA9,2
GJA4,2
GIPR,2
GIMD1,2
GIMAP7,2
GIMAP4,2
GIMAP2,2
GGTLC1,2
GFY,2
GFRA4,2
GDPD5,2
GCNT4,2
GCNT2,2
GCNA,2
GBP2,2
GJB7,2
GASK1B,2
GASK1A,2
GAS2L3,2
GAS2L2,2
GARIN5A,2
GARIN3,2
GARIN1B,2
GADL1,2
GABARAPL2,2
FYCO1,2
FSD2,2
FTSJ1,2
FUT4,2
FUOM,2
GJB6,2
GARIN5B,2
GPD2,2
GOLGA8N,2
GPR157,2
GJD3,2
GPR180,2
GPR31,2
GPR150,2
GPHN,2
GPC4,2
GPATCH2L,2
GPAT3,2
GPA33,2
GP2,2
GOT1L1,2
GON4L,2
GOLGB1,2
GPR160,2
GOLGA6L9,2
GLT1D1,2
GJD4,2
GK3P,2
GLB1L2,2
GLRA1,2
GLRA2,2
GLRX2,2
GLI2,2
GLT8D2,2
GLYATL3,2
GNAT3,2
GMPR,2
GLTPD2,2
POM121L2,1
PNMA8C,1
PLSCR1,1
PLSCR4,1
PLXNB1,1
PM20D2,1
POSTN,1
PML,1
PMM1,1
PMS2,1
PNMA8A,1
PNPLA5,1
POLR3GL,1
PNPLA8,1
PLPP4,1
POC1B,1
POGLUT2,1
POLD1,1
POTEB2,1
POLH,1
POLI,1
POLR3G,1
PLA2G4E,1
PLEKHA6,1
PLIN3,1
PLD5,1
PLA2G5,1
POU5F2,1
PLAA,1
PLAU,1
PLAUR,1
PLBD2,1
PLCD1,1
PLCD3,1
PLCZ1,1
PLD3,1
PLEKHA3,1
PLGRKT,1
PLEKHA7,1
PLEKHA8,1
PLEKHB2,1
PLEKHD1,1
PLEKHG2,1
PLEKHH1,1
PLEKHH2,1
PLEKHM3,1
PLEKHO2,1
PLEKHS1,1
POTEC,1
PRLHR,1
PPDPF,1
PPEF1,1
PRKX,1
PRSS21,1
PRM1,1
PRM3,1
PRMT6,1
PROCR,1
PROP1,1
PROX2,1
PRPF40A,1
PRPF4B,1
PRPSAP1,1
PRPSAP2,1
PRR11,1
PRR18,1
PRR23B,1
PRR4,1
PRR5,1
PRRC2C,1
PRRG2,1
PRRT1B,1
PRSS22,1
PKP3,1
PRRT3,1
PRKRA,1
PRKN,1
PRKG2,1
PPP2R5C,1
PPIP5K2,1
PPM1N,1
PPP1R12B,1
PPP1R16A,1
PPP1R32,1
PPP1R3C,1
PPP1R3G,1
PPP2R1B,1
PPP2R2D,1
PPP2R3B,1
PPP4R4,1
PRH2,1
PPT2,1
PQBP1,1
PRAMEF19,1
PRAMEF33,1
PRAMEF5,1
PRDX5,1
PRELID2,1
PRELID3A,1
PRELP,1
PRG2,1
PLA2G10,1
PCDHGB3,1
PKN3,1
PKD1L1,1
PCDH15,1
PCDHA13,1
PCDHA6,1
PCDHAC2,1
PCDHB12,1
PCDHB15,1
PCDHB6,1
PCDHGA1,1
PCDHGA11,1
PCDHGA2,1
PCDHGA4,1
PCDHGA5,1
PCDHGA6,1
PCDHGB4,1
PCDHGB5,1
PCDHGB7,1
PCED1B,1
PCGF2,1
PCMTD2,1
PCOLCE,1
PCSK4,1
PCSK6,1
PCSK7,1
PCBP4,1
PCARE,1
PBXIP1,1
PALMD,1
PABPC1L,1
PABPC4L,1
PRSS38,1
PABPC5,1
PABPN1L,1
PACRG,1
PADI6,1
PAGE2,1
PAIP1,1
PALM3,1
PANX3,1
PBRM1,1
PARD3,1
PARD3B,1
PARP11,1
PARP16,1
PARVB,1
PARVG,1
PATE4,1
PAX1,1
PBK,1
PBLD,1
PCSK9,1
PCTP,1
PCYOX1L,1
PHF8,1
PGLYRP1,1
PGLYRP2,1
PGLYRP3,1
PGPEP1L,1
PGR,1
PGRMC1,1
PHACTR2,1
PHEX,1
PHF21B,1
PHF3,1
PHGR1,1
PGBD2,1
PHLDA1,1
PHOSPHO2,1
PHYH,1
PHYHD1,1
PI15,1
PIDD1,1
PIK3CB,1
PIK3CG,1
PIKFYVE,1
PIRT,1
PGGHG,1
PGBD1,1
PCYT1B,1
PDILT,1
PDCD2L,1
PDCD4,1
PDE3A,1
PDE3B,1
PDE4DIP,1
PDE6A,1
PDE6B,1
PDE7A,1
PDGFRL,1
PDIA5,1
PDXDC1,1
PGAP6,1
PDXP,1
PDZD11,1
PEBP4,1
PEG10,1
PEX11A,1
PEX11B,1
PF4V1,1
PFKFB4,1
PFKM,1
PGAM5,1
PRSS37,1
RNF133,1
PRSS41,1
RGS16,1
RNF138,1
RNF139,1
RNF144B,1
RNF146,1
RNF157,1
RNF17,1
RNF180,1
RNF183,1
RNF186,1
RNF19A,1
RNF215,1
RNF222,1
RNF223,1
RNF227,1
RNF32,1
RNF34,1
RNF5,1
RNFT1,1
ROBO2,1
ROPN1B,1
RPAP2,1
RPAP3,1
RPN2,1
RNF123,1
RNF115,1
RND2,1
RIMBP3B,1
RGS2,1
RGS21,1
RGS5,1
RHBDF1,1
RHCE,1
RHOF,1
RHOV,1
RHOXF1,1
RIBC1,1
RIMBP2,1
RIMS2,1
RND1,1
RIN1,1
RIN3,1
RINL,1
RIPOR1,1
RIPOR3,1
RLN3,1
RMDN2,1
RNASE12,1
RNASE4,1
RNASE7,1
RPRM,1
RPS21,1
RPS6KA1,1
SCAPER,1
SALL3,1
SAMD11,1
SAMSN1,1
SANBR,1
SAP30,1
SASH3,1
SAYSD1,1
SBK3,1
SBSPON,1
SCAMP3,1
SCARA3,1
SAAL1,1
SCCPDH,1
SCG5,1
SCGB2A1,1
SCIMP,1
SCN2B,1
SCN3A,1
SCPEP1,1
SCRN3,1
P2RY2,1
SCT,1
SAC3D1,1
SAA4,1
RPS6KA3,1
RUFY1,1
RPS6KA5,1
RPUSD1,1
RREB1,1
RRP36,1
RSPH3,1
RSPH6A,1
RTBDN,1
RTF1,1
RTKN,1
RTL10,1
RWDD2A,1
S1PR3,1
RWDD3,1
RXFP4,1
RYR2,1
RYR3,1
S100A1,1
S100A11,1
S100A13,1
S100A2,1
S100A7A,1
S100Z,1
RGS18,1
RGS12,1
PRSS48,1
RGMB,1
PTPRQ,1
PTPRT,1
PTTG1,1
PTX4,1
PVALB,1
PWP1,1
PWP2,1
PWWP3A,1
PWWP4,1
PYGL,1
PYGO1,1
QRFP,1
R3HCC1,1
R3HCC1L,1
RAB15,1
RAB19,1
RAB32,1
RAB33A,1
RAB39A,1
RAB3IP,1
RAB43,1
RAB6D,1
RAB7B,1
PTPRO,1
PTPN4,1
PTPN20,1
PSMB9,1
PRSS54,1
PRSS55,1
PRSS56,1
PRTFDC1,1
PRTN3,1
PRX,1
PSCA,1
PSD2,1
PSD3,1
PSD4,1
PSMD5,1
PTPN13,1
PTER,1
PTGDR,1
PTGFR,1
PTGR2,1
PTGS1,1
PTH2R,1
PTK2,1
PTP4A3,1
PTPN1,1
PTPN12,1
RABAC1,1
RABGAP1L,1
RABL2A,1
REG1B,1
RBP3,1
RCBTB1,1
RDH14,1
RDH5,1
REC114,1
REC8,1
RECQL4,1
REELD1,1
REEP1,1
REEP5,1
REG4,1
RBMXL1,1
RELL2,1
REM2,1
RESF1,1
RESP18,1
RETN,1
REXO1,1
RFPL4A,1
RFPL4AL1,1
RGCC,1
RGL1,1
RBP2,1
RBMX2,1
RABL2B,1
RASSF2,1
RAD50,1
RAD51B,1
RAD9B,1
RALGAPA1,1
RANBP17,1
RAPGEF4,1
RAPGEF6,1
RASA4,1
RASGRP2,1
RASGRP3,1
RASSF4,1
RBM5,1
RASSF5,1
RASSF7,1
RASSF9,1
RAVER2,1
RBAK,1
RBBP9,1
RBFA,1
RBL1,1
RBM26,1
RBM34,1
P3H4,1
NAPRT,1
P2RX7,1
MTMR14,1
MYO5C,1
MYOCOS,1
MYORG,1
MYOZ1,1
MYPN,1
MYZAP,1
MZT2A,1
MZT2B,1
N4BP2L2,1
NAAA,1
NAGK,1
NAGPA,1
NANOS2,1
NANOS3,1
NAP1L4,1
NAPSA,1
NARF,1
NARS2,1
NAT1,1
NAT2,1
NAV3,1
NBDY,1
NBPF1,1
MYO5B,1
MYO16,1
MYNN,1
MXD3,1
MTNR1B,1
MTRES1,1
MTRF1,1
MTUS2,1
MTX1,1
MUC21,1
MUC5B,1
MUL1,1
MUS81,1
MVB12A,1
MYADML2,1
MYMX,1
MYCBP,1
MYCBPAP,1
MYDGF,1
MYEOV,1
MYF5,1
MYH14,1
MYL6B,1
MYLK,1
MYLK3,1
MYLK4,1
NCAPG,1
NCCRP1,1
NCEH1,1
NKX2-6,1
NINJ2,1
NIPAL1,1
NIPAL4,1
NIPSNAP1,1
NIT2,1
NKAIN3,1
NKAIN4,1
NKAPL,1
NKD2,1
NKIRAS1,1
NKX6-3,1
NICN1,1
NLGN4X,1
NLN,1
NLRP1,1
NLRP11,1
NME2,1
NME9,1
NMI,1
NMRK2,1
NMT2,1
NOBOX,1
NIM1K,1
NIBAN2,1
NCKIPSD,1
NEIL3,1
NCOA7,1
NCR1,1
NCR2,1
NDOR1,1
NDRG2,1
NDUFAF7,1
NEB,1
NECAP2,1
NEDD4,1
NEFL,1
NEK6,1
NFX1,1
NEMP2,1
NES,1
NET1,1
NEU4,1
NEUROD1,1
NEUROD4,1
NEUROG2,1
NFIA,1
NFKBIB,1
NFKBIL1,1
MTMR2,1
MTM1,1
OVOL3,1
MTFR2,1
MFSD14B,1
MFSD6L,1
MGAT4B,1
MGAT4C,1
MGAT5B,1
MGME1,1
MGMT,1
MGST3,1
MIA,1
MIB2,1
MICALL1,1
MID1IP1,1
MIER2,1
MIF4GD,1
MIGA1,1
MINDY3,1
MIOX,1
MISP,1
MIXL1,1
MKKS,1
MKNK2,1
MLLT10,1
MLPH,1
MFSD11,1
MFNG,1
MFHAS1,1
MERTK,1
SDCCAG8,1
MED12,1
MED13,1
MED14,1
MEFV,1
MEGF10,1
MEI1,1
MEI4,1
MEIKIN,1
MEPE,1
MESP1,1
MFAP4,1
MEST,1
METAP2,1
METRNL,1
METTL15,1
METTL21A,1
METTL25,1
METTL26,1
METTL4,1
MEX3D,1
MFAP2,1
MLXIP,1
MLYCD,1
MMAA,1
MSANTD5,1
MRC1,1
MRC2,1
MRPL11,1
MRPL17,1
MRPL32,1
MRPL58,1
MRPS23,1
MS4A1,1
MS4A6E,1
MSANTD1,1
MSH3,1
MPV17L,1
MSH4,1
MSH5,1
MSLNL,1
MSRA,1
MST1,1
MT1E,1
MT1HL1,1
MT3,1
MTARC2,1
MTFR1,1
MRAP2,1
MPRIP,1
MMD2,1
MOB3A,1
MME,1
MMP1,1
MMP11,1
MMP13,1
MMP17,1
MMP20,1
MMP27,1
MMP28,1
MMP7,1
MMUT,1
MOB3C,1
MPPED1,1
MOGAT1,1
MORN1,1
MORN2,1
MORN3,1
MORN5,1
MOS,1
MOV10L1,1
MPC2,1
MPDZ,1
MPP7,1
NOC2L,1
NOS2,1
NOS3,1
NOTCH2NLB,1
OR4K15,1
OR4K17,1
OR4K2,1
OR4N2,1
OR4N4,1
OR4N4C,1
OR4N5,1
OR4Q3,1
OR4S1,1
OR51A4,1
OR51I1,1
OR51I2,1
OR51S1,1
OR51V1,1
OR52D1,1
OR52E2,1
OR52E5,1
OR52K1,1
OR52L1,1
OR52N1,1
OR56A3,1
OR56A4,1
OR5AK2,1
OR4K1,1
OR4F21,1
OR4E1,1
OR2M3,1
OR1Q1,1
OR1R1P,1
OR2A2,1
OR2AG1,1
OR2AT4,1
OR2B11,1
OR2B2,1
OR2F1,1
OR2H2,1
OR2L2,1
OR2S2,1
OR4D1,1
OR2T12,1
OR2T29,1
OR2T3,1
OR2T34,1
OR2T4,1
OR2V2,1
OR2W3,1
OR4C13,1
OR4C16,1
OR4C46,1
OR5AR1,1
OR5AS1,1
OR5B21,1
OSBPL3,1
OR8G5,1
OR8H1,1
OR8J3,1
OR8K1,1
OR8K5,1
OR9I1,1
ORC1,1
ORM1,1
ORMDL2,1
OS9,1
OSCAR,1
OR8D1,1
OSCP1,1
OSGIN1,1
OSTN,1
OTOF,1
OTOL1,1
OTUB2,1
OTUD1,1
OTUD3,1
OTULINL,1
OVCA2,1
OR8D2,1
OR7G1,1
OR5C1,1
OR5V1,1
OR5D16,1
OR5H15,1
OR5H2,1
OR5H6,1
OR5J2,1
OR5K1,1
OR5K2,1
OR5M1,1
OR5M11,1
OR5M9,1
OR6B1,1
OR7E24,1
OR6B3,1
OR6C1,1
OR6C4,1
OR6C75,1
OR6K3,1
OR6K6,1
OR6X1,1
OR7A10,1
OR7A5,1
OR7C1,1
OR1M1,1
OR1L8,1
OR1L1,1
NTSR2,1
NRG2,1
NRIP2,1
NRL,1
NSD1,1
NSRP1,1
NSUN5,1
NSUN7,1
NT5DC4,1
NTN5,1
NTRK1,1
NUAK2,1
NR2E3,1
NUB1,1
NUCB2,1
NUDT15,1
NUDT5,1
NUFIP1,1
NUGGC,1
NUP37,1
NUPR1,1
NUSAP1,1
NUTM1,1
NRDC,1
NR1I3,1
NUTM2E,1
NPIPB4,1
NOTCH4,1
NOTO,1
NOTUM,1
NOX4,1
NOXRED1,1
NPHP1,1
NPIPA3,1
NPIPA7,1
NPIPA8,1
NPIPB2,1
NPM2,1
NR0B2,1
NPNT,1
NPPA,1
NPR3,1
NPSR1,1
NPVF,1
NPY4R,1
NPY4R2,1
NQO1,1
NQO2,1
NR0B1,1
NUTM2A,1
NUTM2F,1
OR1J1,1
OR10C1,1
OPHN1,1
OPN1LW,1
OPN1MW,1
OPN1SW,1
OPN3,1
OPRD1,1
OPRPN,1
OPTC,1
OR10A2,1
OR10A3,1
OR10G6,1
OMP,1
OR10G8,1
OR10H2,1
OR10H3,1
OR11H2,1
OR14A2,1
OR14I1,1
OR1C1,1
OR1F1,1
OR1G1,1
OR1I1,1
OOSP4A,1
OLFM4,1
NUTM2G,1
OCLN,1
NVL,1
NXPE1,1
NXPE3,1
NXPE4,1
NXPH4,1
OBP2B,1
OC90,1
OCA2,1
OCEL1,1
OCIAD1,1
ODAD2,1
OIT3,1
ODF2,1
ODF3,1
ODF3B,1
ODF3L1,1
ODF3L2,1
OGDHL,1
OGFOD2,1
OGFRL1,1
OGN,1
OIP5,1
SCYL3,1
TRIM49B,1
SDF4,1
TP53I13,1
TRIQK,1
TRMT10A,1
TRMT11,1
TRMT12,1
TRMT9B,1
TRPC7,1
TRPM8,1
TRPT1,1
TRPV1,1
TRPV2,1
TRPV5,1
TRPV6,1
TRUB1,1
TSC22D3,1
TSHB,1
TSNARE1,1
TSPAN15,1
TSPAN16,1
TSPAN18,1
TSPAN31,1
TSPAN4,1
TSPO,1
TSPYL6,1
TRIP6,1
TRIML2,1
TRIM69,1
TREML1,1
TPCN2,1
TPD52,1
TPRG1L,1
TPST1,1
TRAFD1,1
TRAPPC11,1
TRAPPC2,1
TRAPPC2B,1
TRAPPC3L,1
TREM1,1
TREML4,1
TRIM64,1
TREX1,1
TRH,1
TRIM29,1
TRIM35,1
TRIM43,1
TRIM49,1
ME2,1
TRIM51,1
TRIM6,1
TRIM62,1
TST,1
TSTD2,1
TTC12,1
UCP1,1
UBD,1
UBE2Q2,1
UBE4B,1
UBL4A,1
UBQLN3,1
UBQLNL,1
UBXN6,1
UCK1,1
UCKL1,1
UCN2,1
UCP2,1
TYW5,1
UFSP1,1
UHMK1,1
ULBP1,1
ULBP2,1
ULK2,1
UMOD,1
UNC119,1
UNC5CL,1
UNC80,1
UNG,1
UBASH3A,1
TYROBP,1
TTC22,1
TUBA3D,1
TTC30B,1
TTC39C,1
TTC4,1
TTI2,1
TTLL1,1
TTLL12,1
TTLL3,1
TTLL4,1
TTLL7,1
TUBA3C,1
TUBB1,1
TXNRD3,1
TUFT1,1
TUSC1,1
TVP23C,1
TXK,1
TXLNB,1
TXLNG,1
TXNDC11,1
TXNDC12,1
TXNDC5,1
TXNIP,1
TP53INP2,1
TP53BP2,1
TM4SF4,1
TP53,1
TMEM176A,1
TMEM18,1
TMEM19,1
TMEM191C,1
TMEM192,1
TMEM209,1
TMEM210,1
TMEM213,1
TMEM219,1
TMEM220,1
TMEM225,1
TMEM238L,1
TMEM243,1
TMEM245,1
TMEM247,1
TMEM252,1
TMEM253,1
TMEM254,1
TMEM255B,1
TMEM259,1
TMEM260,1
TMEM262,1
TMEM266,1
TMEM170A,1
TMEM164,1
TMEM163,1
TMEM106A,1
TM7SF2,1
TM7SF3,1
TMA7,1
TMBIM4,1
TMC7,1
TMCO2,1
TMCO3,1
TMED1,1
TMED5,1
TMEM102,1
TMEM114,1
TMEM160,1
TMEM117,1
TMEM120A,1
TMEM123,1
TMEM125,1
TMEM126B,1
TMEM130,1
TMEM131L,1
TMEM144,1
TMEM145,1
TMEM154,1
TMEM267,1
TMEM268,1
TMEM35B,1
TNKS2,1
TMTC4,1
TMUB2,1
TNFAIP8L1,1
TNFRSF10A,1
TNFRSF13B,1
TNFRSF18,1
TNFSF13B,1
TNK1,1
TNK2,1
TNKS,1
TNP2,1
TMTC1,1
TNRC6B,1
TNS4,1
TOM1,1
TOM1L1,1
TOMM20L,1
TOMM6,1
TOP3A,1
TOP3B,1
TOR2A,1
TOX,1
TMTC2,1
TMPRSS6,1
TMEM38A,1
TMEM79,1
TMEM43,1
TMEM52B,1
TMEM53,1
TMEM59,1
TMEM59L,1
TMEM64,1
TMEM69,1
TMEM70,1
TMEM74,1
TMEM74B,1
TMEM81,1
TMPRSS5,1
TMEM82,1
TMEM87A,1
TMEM88,1
TMEM88B,1
TMIGD1,1
TMIGD2,1
TMPO,1
TMPRSS13,1
TMPRSS3,1
TMPRSS4,1
UPF3A,1
UPRT,1
URAD,1
USF3,1
ZNF441,1
ZNF444,1
ZNF446,1
ZNF454,1
ZNF471,1
ZNF473,1
ZNF474,1
ZNF48,1
ZNF487,1
ZNF497,1
ZNF502,1
ZNF507,1
ZNF511,1
ZNF540,1
ZNF555,1
ZNF556,1
ZNF557,1
ZNF560,1
ZNF563,1
ZNF564,1
ZNF569,1
ZNF572,1
ZNF577,1
ZNF425,1
ZNF420,1
ZNF397,1
ZNF285,1
ZNF212,1
ZNF22,1
ZNF235,1
ZNF251,1
ZNF253,1
ZNF26,1
ZNF260,1
ZNF280B,1
ZNF280C,1
ZNF284,1
ZNF286A,1
ZNF383,1
ZNF317,1
ZNF320,1
ZNF324B,1
ZNF329,1
ZNF33A,1
ZNF341,1
ZNF345,1
ZNF35,1
ZNF358,1
ZNF37A,1
ZNF584,1
ZNF585B,1
ZNF589,1
ZNF860,1
ZNF776,1
ZNF782,1
ZNF783,1
ZNF789,1
ZNF80,1
ZNF804A,1
ZNF804B,1
ZNF821,1
ZNF823,1
ZNF827,1
ZNF862,1
ZNF765,1
ZNF891,1
ZNRF3,1
ZP2,1
ZSCAN10,1
ZSCAN20,1
ZSCAN21,1
ZSCAN22,1
ZSCAN25,1
ZSCAN30,1
ZXDC,1
ZNF773,1
ZNF764,1
ZNF593,1
ZNF670,1
ZNF596,1
ZNF614,1
ZNF616,1
ZNF621,1
ZNF624,1
ZNF627,1
ZNF638,1
ZNF646,1
ZNF66,1
ZNF667,1
ZNF678,1
ZNF747,1
ZNF680,1
ZNF682,1
ZNF683,1
ZNF688,1
ZNF705D,1
ZNF707,1
ZNF708,1
ZNF709,1
ZNF722,1
ZNF735,1
ZNF211,1
ZNF205,1
ZNF20,1
WDR73,1
VTCN1,1
VTN,1
WAS,1
WBP1L,1
WDFY4,1
WDPCP,1
WDR11,1
WDR17,1
WDR41,1
WDR62,1
WDR75,1
VSIG8,1
WEE2,1
WFIKKN1,1
WFS1,1
WNT10A,1
WNT5B,1
WNT8B,1
WRAP73,1
WRN,1
WRNIP1,1
WSCD1,1
VSTM5,1
VSIG2,1
WWC2,1
VAMP5,1
USH1C,1
USHBP1,1
USP17L3,1
USP17L8,1
USP30,1
USP4,1
USP40,1
USP9X,1
UTS2B,1
UXT,1
VAT1L,1
VRK3,1
VAV3,1
VCP,1
VEGFA,1
VEPH1,1
VMO1,1
VN1R4,1
VNN2,1
VPS11,1
VPS37C,1
VPS9D1,1
WTIP,1
XIAP,1
ZNF2,1
ZKSCAN5,1
ZFHX4,1
ZFP2,1
ZFP37,1
ZFP62,1
ZFP90,1
ZG16B,1
ZIC2,1
ZIC4,1
ZIC5,1
ZKSCAN2,1
ZKSCAN8,1
ZFAND2A,1
ZKSCAN8P1,1
ZMYM1,1
ZNF10,1
ZNF101,1
ZNF106,1
ZNF136,1
ZNF141,1
ZNF142,1
ZNF195,1
ZNF197,1
ZFHX2,1
ZDHHC24,1
XK,1
ZBTB22,1
XKR3,1
XPC,1
XPNPEP3,1
XXYLT1,1
YBX3,1
YDJC,1
YIF1A,1
YY1AP1,1
ZAR1,1
ZBED6,1
ZBTB3,1
ZDHHC23,1
ZBTB33,1
ZBTB39,1
ZBTB44,1
ZBTB5,1
ZBTB7C,1
ZC2HC1A,1
ZC3H12D,1
ZCCHC7,1
ZDHHC11B,1
ZDHHC19,1
TM4SF5,1
TM4SF19,1
SDK1,1
SLC28A3,1
SLC5A8,1
SLC6A12,1
SLC6A16,1
SLC6A7,1
SLC7A10,1
SLC7A3,1
SLC8A3,1
SLC9A3R1,1
SLC9C1,1
SLCO2A1,1
SLCO4A1,1
SLCO4C1,1
SLCO5A1,1
SLCO6A1,1
SLFN14,1
SLIT3,1
SLITRK6,1
SLX1A,1
SLX1B,1
SLX4,1
SMAD6,1
SMAD9,1
SMAP1,1
SLC5A12,1
SLC5A1,1
SLC4A3,1
SLC37A3,1
SLC2A14,1
SLC2A9,1
SLC31A2,1
SLC34A2,1
SLC35E2B,1
SLC35F3,1
SLC35G3,1
SLC36A1,1
SLC36A3,1
SLC37A2,1
SLC38A10,1
SLC4A11,1
SLC38A8,1
SLC38A9,1
SLC39A12,1
SLC3A1,1
SLC41A3,1
SLC43A3,1
SLC44A5,1
SLC45A2,1
SLC45A4,1
SLC46A2,1
SMARCA1,1
SMC4,1
SMIM10L2B,1
SPACA6,1
SOD3,1
SORBS2,1
SORBS3,1
SORCS2,1
SORD,1
SOWAHA,1
SOWAHB,1
SOWAHC,1
SP110,1
SPA17,1
SPACA7,1
SNX25,1
SPACA9,1
SPAG11A,1
SPAG6,1
SPAG8,1
SPANXB1,1
SPANXC,1
SPATA12,1
SPATA13,1
SPATA25,1
SPATA31A1,1
SOCS4,1
SNX19,1
SMIM17,1
SMTNL2,1
SMIM24,1
SMIM3,1
SMIM44,1
SMIM8,1
SMKR1,1
SMN2,1
SMOC1,1
SMPD2,1
SMPDL3B,1
SMTN,1
SMUG1,1
SNX18,1
SMYD2,1
SMYD3,1
SMYD5,1
SNCG,1
SNRNP35,1
SNRNP48,1
SNTA1,1
SNTB1,1
SNX15,1
SNX16,1
SLC29A2,1
SLC27A2,1
TM4SF18,1
SLC27A1,1
SERPINB12,1
SERPINB5,1
SERPINB6,1
SERPINB9,1
SERPINI2,1
SERTAD1,1
SERTM2,1
SESN1,1
SEZ6,1
SFR1,1
SFTA2,1
SFXN5,1
SGIP1,1
SGMS2,1
SGO2,1
SGPP2,1
SGSM2,1
SGTB,1
SH2B1,1
SH2D1A,1
SH2D1B,1
SH3KBP1,1
SHC2,1
SERPINA6,1
SERINC5,1
SERINC2,1
SELENOH,1
SDK2,1
SDS,1
SEBOX,1
SEC22A,1
SEC23IP,1
SEC24A,1
SEC61A2,1
SECISBP2L,1
SEL1L3,1
SELE,1
SELENOP,1
SEPTIN4,1
SEMA3E,1
SEMA4F,1
SEMA4G,1
SEMA5A,1
SEMA5B,1
SEMA6D,1
SENP5,1
SEPTIN1,1
SEPTIN10,1
SEPTIN3,1
SHCBP1,1
SHFL,1
SHISA3,1
SLC25A13,1
SLC16A9,1
SLC17A8,1
SLC19A1,1
SLC22A14,1
SLC22A15,1
SLC22A18,1
SLC22A2,1
SLC22A8,1
SLC24A4,1
SLC24A5,1
SLC25A14,1
SLC16A2,1
SLC25A18,1
SLC25A21,1
SLC25A23,1
SLC25A25,1
SLC25A30,1
SLC25A34,1
SLC25A47,1
SLC25A5,1
SLC26A6,1
SLC26A7,1
SLC16A6,1
SLC16A13,1
SHISA4,1
SIRT2,1
SHISA8,1
SHISAL2B,1
SHKBP1,1
SHOC1,1
SHPRH,1
SIAE,1
SIDT2,1
SIGLEC10,1
SIGLEC12,1
SIKE1,1
SIRT4,1
SLC13A3,1
SKAP2,1
SKOR2,1
SLAIN1,1
SLAMF8,1
SLAMF9,1
SLC10A4,1
SLC11A1,1
SLC12A4,1
SLC12A9,1
SLC13A2,1
SPATA32,1
SPATA46,1
SPATA6L,1
SPDYA,1
TBC1D3I,1
TBC1D3L,1
TBC1D5,1
TBC1D9B,1
TBCCD1,1
TBCD,1
TBXAS1,1
TCEA3,1
TCEAL3,1
TCEAL4,1
TCEAL5,1
TCEAL7,1
TCF19,1
TCF23,1
TCF24,1
TCL1B,1
TCN1,1
TCP11,1
TDGF1P3,1
TDP1,1
TDP2,1
TDRD1,1
TDRD15,1
TBC1D3B,1
TBC1D21,1
TBC1D19,1
TAS2R16,1
TAF15,1
TAF1D,1
TAF1L,1
TAF7L,1
TAFA3,1
TANC1,1
TAP2,1
TAPBP,1
TARS3,1
TAS2R13,1
TAS2R19,1
TBATA,1
TAS2R20,1
TAS2R39,1
TAS2R40,1
TAS2R41,1
TAS2R42,1
TAS2R50,1
TAS2R60,1
TAS2R9,1
TAT,1
TAX1BP1,1
TEAD2,1
TEC,1
TECPR1,1
TIMM21,1
THEG,1
THEGL,1
THNSL2,1
THSD8,1
THTPA,1
THUMPD3,1
TICAM2,1
TIFAB,1
TIGD2,1
TIGD3,1
TIMM23B-AGAP6,1
THAP3,1
TIMM29,1
TIMMDC1,1
TJAP1,1
TJP1,1
TLE2,1
TLE6,1
TLE7,1
TLL2,1
TLN2,1
TLR2,1
THBS4,1
THADA,1
TEF,1
TEX19,1
TEKT4,1
TENT2,1
TENT5B,1
TENT5D,1
TERB1,1
TERF2,1
TESK2,1
TESMIN,1
TEX101,1
TEX11,1
TEX2,1
TGM3,1
TEX29,1
TEX30,1
TEX36,1
TEX44,1
TEX54,1
TFAP2E,1
TFF2,1
TFPI2,1
TGIF2LX,1
TGM2,1
TADA2A,1
TACSTD2,1
TACR3,1
SSPN,1
SRD5A1,1
SREBF1,1
SRF,1
SRGAP2C,1
SRL,1
SRMS,1
SS18,1
SSC4D,1
SSC5D,1
SSH3,1
ST18,1
SPTY2D1OS,1
ST3GAL6,1
ST6GAL2,1
ST6GALNAC1,1
ST8SIA5,1
ST8SIA6,1
STAC2,1
STAG2,1
STAG3,1
STAM2,1
STARD4,1
SRA1,1
SPTB,1
STATH,1
SPICE1,1
SPDYE1,1
SPDYE17,1
SPDYE2,1
SPDYE3,1
SPDYE4,1
SPECC1,1
SPEM3,1
SPG11,1
SPHKAP,1
SPIC,1
SPIDR,1
SPTA1,1
SPIN4,1
SPINT4,1
SPOCK3,1
SPON2,1
SPOPL,1
SPP1,1
SPP2,1
SPPL2C,1
SPRTN,1
SPSB2,1
STAT4,1
STC2,1
TACR2,1
SYNC,1
SUPT20H,1
SURF2,1
SUV39H1,1
SVIP,1
SWSAP1,1
SYCN,1
SYCP2L,1
SYDE1,1
SYDE2,1
SYN1,1
SYNDIG1L,1
SUMF2,1
SYNE1,1
SYNE2,1
SYNGR4,1
SYNPO2,1
SYP,1
SYT16,1
SYT17,1
SYT3,1
TAAR1,1
TAC4,1
SUMO3,1
SULT1C2,1
STEAP1B,1
STRADA,1
STING1,1
STK19,1
STK3,1
STK32A,1
STK38,1
STMND1,1
STOM,1
STOML2,1
STON2,1
STPG4,1
STRIP2,1
SULT1B1,1
STRN3,1
STS,1
STX17,1
STX3,1
STX8,1
STXBP4,1
STYK1,1
STYXL1,1
SUGCT,1
SULT1A2,1
ME3,1
GNRH1,1
MCUR1,1
CEP290,1
CHFR,1
CHI3L2,1
CHIC1,1
CHMP2B,1
CHN2,1
CHP2,1
CHRNA7,1
CHRNA9,1
CHRNB2,1
CHRNB3,1
CHST13,1
CHST4,1
CHST5,1
CHST6,1
CHTF8,1
CIART,1
CIB3,1
CIBAR1,1
CIDEA,1
CIDEC,1
CIITA,1
CILP2,1
CITED1,1
CHEK2,1
CHDH,1
CHCHD2,1
CFAP141,1
CEP41,1
CEP44,1
CEP63,1
CEP68,1
CEP78,1
CERCAM,1
CERKL,1
CES4A,1
CETN2,1
CETP,1
CFAP157,1
CGREF1,1
CFAP221,1
CFAP299,1
CFAP410,1
CFAP65,1
CFAP73,1
CFAP97,1
CFAP97D2,1
CFH,1
CGAS,1
CGNL1,1
CITED4,1
CKAP2,1
CKM,1
COCH,1
CMC2,1
CNGA1,1
CNGB1,1
CNKSR2,1
CNR2,1
CNST,1
CNTN2,1
CNTN4,1
CNTNAP4,1
COA3,1
COIL,1
CLNS1A,1
COL11A2,1
COL13A1,1
COL14A1,1
COL17A1,1
COL19A1,1
COL21A1,1
COL4A3,1
COL4A4,1
COL5A1,1
COL6A3,1
CLSTN2,1
CLN3,1
CKMT2,1
CLEC2A,1
CLASP2,1
CLDN17,1
CLDN23,1
CLDN8,1
CLDN9,1
CLEC10A,1
CLEC14A,1
CLEC18A,1
CLEC18B,1
CLEC1A,1
CLEC2L,1
CLMN,1
CLEC3A,1
CLEC4A,1
CLEC4G,1
CLEC5A,1
CLEC6A,1
CLIC3,1
CLIC4,1
CLIC6,1
CLIP4,1
CLK1,1
CEP350,1
CEP19,1
CBR1,1
CEP164,1
CCDC80,1
CCDC92B,1
CCHCR1,1
CCKBR,1
CCL14,1
CCL16,1
CCL20,1
CCL21,1
CCL26,1
CCN3,1
CCN4,1
CCN5,1
CCNF,1
CCNI2,1
CCNJL,1
CCNL2,1
CCNO,1
CCNP,1
CCR10,1
CCR2,1
CCR3,1
CCR4,1
CD101,1
CCDC74B,1
CCDC70,1
CCDC68,1
CCDC169,1
CBWD2,1
CC2D1B,1
CCDC106,1
CCDC112,1
CCDC125,1
CCDC152,1
CCDC153,1
CCDC154,1
CCDC157,1
CCDC163,1
CCDC170,1
CCDC65,1
CCDC177,1
CCDC181,1
CCDC184,1
CCDC195,1
CCDC22,1
CCDC24,1
CCDC28B,1
CCDC3,1
CCDC38,1
CCDC54,1
CD163,1
CD164L2,1
CD1A,1
CEACAM5,1
CDK5RAP1,1
CDKL2,1
CDKL5,1
CDNF,1
CDON,1
CDPF1,1
CDRT15L2,1
CDRT4,1
CDV3,1
CEACAM18,1
CEACAM8,1
CDHR4,1
CECR2,1
CELF6,1
CELSR2,1
CEMIP,1
CENPF,1
CENPU,1
CENPVL3,1
CEP131,1
CEP135,1
CEP152,1
CDK13,1
CDHR1,1
CD1E,1
CD68,1
CD244,1
CD247,1
CD300A,1
CD300LF,1
CD300LG,1
CD302,1
CD37,1
CD3D,1
CD58,1
CD6,1
CD8A,1
CDH3,1
CD8B2,1
CDC14B,1
CDC42EP1,1
CDC42EP5,1
CDCA2,1
CDCA7,1
CDCP2,1
CDH12,1
CDH15,1
CDH16,1
COL8A2,1
COLGALT2,1
COMT,1
COQ8A,1
DGKH,1
DGKQ,1
DGKZ,1
DHDH,1
DHFR2,1
DHRS13,1
DHRS2,1
DHRS4L2,1
DHRS7B,1
DHRS9,1
DHX57,1
DIDO1,1
DIP2A,1
DIPK1A,1
DIPK1C,1
DISC1,1
DISP1,1
DKC1,1
DLC1,1
DLEU7,1
DLGAP5,1
DLX4,1
DMAC2L,1
DGKE,1
DGKA,1
DGCR6L,1
DDX50,1
DCTPP1,1
DCUN1D3,1
DCX,1
DCXR,1
DDAH2,1
DDHD1,1
DDHD2,1
DDO,1
DDR1,1
DDT,1
DEFA5,1
DGAT1,1
DEFA6,1
DEFB108B,1
DEFB110,1
DEFB116,1
DEFB118,1
DEFB131A,1
DEFB134,1
DENND1B,1
DENND6B,1
DERA,1
DMBX1,1
DMPK,1
DMTN,1
DTWD1,1
DPT,1
DPY19L2,1
DPYSL4,1
DRAM2,1
DRICH1,1
DROSHA,1
DSC1,1
DSEL,1
DSG2,1
DTNBP1,1
DTX3L,1
DPPA2,1
DUS1L,1
DUS2,1
DUS4L,1
DUSP13,1
DUSP15,1
DUSP7,1
DUSP9,1
DVL2,1
DYDC2,1
DYM,1
DPPA3,1
DPP7,1
DMWD,1
DNAJC15,1
DNAAF3,1
DNAAF6,1
DNAI1,1
DNAI2,1
DNAI4,1
DNAJB1,1
DNAJC1,1
DNAJC10,1
DNAJC12,1
DNAJC14,1
DNAJC16,1
DPP10,1
DNAJC21,1
DNAJC22,1
DNAJC30,1
DNAJC4,1
DNMBP,1
DNMT3L,1
DNPH1,1
DOCK4,1
DOCK9,1
DOK1,1
DCST1,1
DCP1B,1
DCK,1
CRNN,1
CR2,1
CRACD,1
CRACR2B,1
CRB2,1
CREB3L4,1
CREG2,1
CRELD1,1
CREM,1
CRIP3,1
CRNKL1,1
CRYAA,1
CPT1C,1
CRYBA1,1
CRYBG3,1
CRYGS,1
CRYM,1
CSAG3,1
CSMD1,1
CSMD2,1
CSN2,1
CSN3,1
CSNKA2IP,1
CPXM1,1
CPSF1,1
CST3,1
CPA5,1
COQ8B,1
COQ9,1
CORO2B,1
COX6A2,1
COX6B2,1
COX7A2,1
COX7A2L,1
COX7B,1
CP,1
CPA3,1
CPA6,1
CPQ,1
CPAMD8,1
CPEB2,1
CPED1,1
CPLX3,1
CPM,1
CPN1,1
CPN2,1
CPNE7,1
CPNE9,1
CPPED1,1
CST1,1
CST5,1
DCBLD1,1
CYSTM1,1
CYP2R1,1
CYP2S1,1
CYP2W1,1
CYP3A7,1
CYP4A22,1
CYP4V2,1
CYP4Z1,1
CYP7B1,1
CYP8B1,1
CYREN,1
CYTH3,1
CYP2C9,1
CYTIP,1
CYTL1,1
D2HGDH,1
DAOA,1
DAP,1
DBF4B,1
DBI,1
DCAF4L1,1
DCAF4L2,1
DCANP1,1
CYP2J2,1
CYP2C8,1
CSTF2,1
CUL7,1
CTAGE15,1
CTAGE8,1
CTCFL,1
CTF1,1
CTH,1
CTNNAL1,1
CTRB2,1
CTSO,1
CTTNBP2,1
CUL4B,1
CUTA,1
CYP2C19,1
CWH43,1
CXCL5,1
CXCR3,1
CXCR6,1
CYB5RL,1
CYP11B2,1
CYP1A2,1
CYP1B1,1
CYP21A2,1
CYP24A1,1
CBWD1,1
CBLN4,1
MCTP1,1
ALPP,1
ANKRD65,1
ANKRD66,1
ANKS6,1
ANO1,1
ANPEP,1
ANXA1,1
ANXA13,1
ANXA2,1
ANXA6,1
ANXA9,1
AOPEP,1
AP1AR,1
AP1M2,1
AP2A1,1
AP4B1,1
AP5M1,1
APEH,1
APH1B,1
APOC3,1
APOD,1
APOF,1
APOL1,1
APOL2,1
ANKRD6,1
ANKRD55,1
ANKRD37,1
AMY1C,1
AMDHD1,1
AMER3,1
AMH,1
AMHR2,1
AMMECR1,1
AMN1,1
AMPD3,1
AMTN,1
AMY1A,1
AMY1B,1
ANAPC1,1
ANKRD33,1
ANAPC13,1
ANGEL2,1
ANGPT4,1
ANK2,1
ANKEF1,1
ANKFN1,1
ANKRA2,1
ANKRD1,1
ANKRD13A,1
ANKRD16,1
APOL6,1
APOM,1
APPL1,1
ASIC4,1
ASB10,1
ASB13,1
ASB3,1
ASB4,1
ASB5,1
ASCC3,1
ASCL1,1
ASCL3,1
ASCL4,1
ASGR2,1
ASNSD1,1
ARRDC1,1
ASPDH,1
ASPM,1
ASPRV1,1
ASTN2,1
ATF5,1
ATF6B,1
ATG2A,1
ATG2B,1
ATM,1
ATOH7,1
ARX,1
ARPP21,1
APRT,1
ARHGEF40,1
AQP1,1
AQP10,1
ARFGAP1,1
ARHGAP10,1
ARHGAP18,1
ARHGAP22,1
ARHGAP29,1
ARHGAP42,1
ARHGAP9,1
ARHGEF3,1
ARHGEF6,1
ARNT,1
ARHGEF9,1
ARID3B,1
ARL16,1
ARL4D,1
ARL6IP4,1
ARMC10,1
ARMC12,1
ARMC3,1
ARMCX2,1
ARMH4,1
ALS2CL,1
ALKBH3,1
CBL,1
ALKBH1,1
ACOT2,1
ACOT6,1
ACP4,1
ACR,1
ACRBP,1
ACRV1,1
ACSL3,1
ACSL4,1
ACSL5,1
ACSS3,1
ACTA2,1
ACTL10,1
ACTL7B,1
ACTL9,1
ACTN3,1
ACTR10,1
ACTRT2,1
ACTRT3,1
ADAD2,1
ADAM15,1
ADAM33,1
ADAMDEC1,1
ADAMTS12,1
ACOT11,1
ACER1,1
ACCSL,1
ABCB9,1
A1BG,1
A4GALT,1
AACS,1
AADACL4,1
AAR2,1
AARD,1
AASS,1
ABCA4,1
ABCB1,1
ABCB4,1
ABCC10,1
ACCS,1
ABCG4,1
ABHD10,1
ABHD16B,1
ABHD18,1
ABHD3,1
ABHD6,1
ABO,1
ABRAXAS1,1
ACAA2,1
ACADS,1
ADAMTS18,1
ADAMTS19,1
ADAMTS4,1
AKAP12,1
AGPAT5,1
AGRN,1
AGXT,1
AHSG,1
AIDA,1
AIFM2,1
AIG1,1
AIPL1,1
AK3,1
AK7,1
AKIP1,1
AFG1L,1
AKR1A1,1
AKR1C2,1
AKR1C4,1
AKR1C8,1
ALDH2,1
ALDH6A1,1
ALDH9A1,1
ALDOB,1
ALG10,1
ALG3,1
AGL,1
AFAP1L1,1
ADAMTS5,1
ADGRG3,1
ADAMTS8,1
ADAMTSL1,1
ADAMTSL3,1
ADAR,1
ADCK1,1
ADCY3,1
ADCYAP1R1,1
ADGRA3,1
ADGRE5,1
ADGRF4,1
ADGRG6,1
ADRM1,1
ADH1C,1
ADH6,1
ADH7,1
ADHFE1,1
ADI1,1
ADIG,1
ADM5,1
ADORA2B,1
ADRA1A,1
ADRA1D,1
ATP23,1
ATP5PD,1
ATP6V1E1,1
ATP6V1E2,1
C21orf58,1
C2CD2,1
C2CD4A,1
C2CD4C,1
C2orf42,1
C2orf68,1
C2orf72,1
C2orf78,1
C2orf80,1
C2orf88,1
C2orf92,1
C3AR1,1
C3orf14,1
C3orf33,1
C3orf84,1
C4A,1
C4BPB,1
C4orf17,1
C4orf33,1
C4orf36,1
C4orf45,1
C5orf22,1
C5orf34,1
C20orf203,1
C20orf144,1
C2,1
C19orf73,1
C14orf93,1
C15orf61,1
C15orf62,1
C17orf64,1
C17orf67,1
C17orf75,1
C17orf78,1
C18orf54,1
C19orf47,1
C19orf67,1
C19orf85,1
C1orf68,1
C1GALT1C1L,1
C1QL2,1
C1QTNF12,1
C1QTNF2,1
C1QTNF6,1
C1orf105,1
C1orf122,1
C1orf198,1
C1orf216,1
C1orf35,1
C5orf47,1
C5orf49,1
C6orf136,1
CAPNS2,1
CALCOCO1,1
CALHM2,1
CALML4,1
CALML6,1
CALN1,1
CAMK1,1
CAMK2B,1
CAPN1,1
CAPN5,1
CAPN8,1
CAPSL,1
CALCA,1
CARD10,1
CARD16,1
CARD19,1
CARD9,1
CARTPT,1
CASP1,1
CASP6,1
CASS4,1
CATSPER1,1
CAVIN4,1
CALCB,1
CACNG7,1
C6orf15,1
C9orf72,1
C6orf52,1
C7orf33,1
C7orf57,1
C8A,1
C8G,1
C8orf58,1
C8orf74,1
C8orf76,1
C8orf82,1
C9orf64,1
CA12,1
CACNG5,1
CA6,1
CA9,1
CAB39L,1
CABCOCO1,1
CABP4,1
CACHD1,1
CACNA1A,1
CACNA1G,1
CACNA1I,1
CACNG1,1
C14orf39,1
C14orf180,1
C13orf42,1
BEND6,1
BCAN,1
BCAR3,1
BCAT2,1
BCL2A1,1
BCL2L10,1
BCL2L12,1
BCL2L15,1
BCL6B,1
BCR,1
BEAN1,1
BEST1,1
BBS9,1
BEST2,1
BEX2,1
BEX4,1
BEX5,1
BFAR,1
BFSP1,1
BGN,1
BHLHA15,1
BHMT,1
BIN1,1
BBX,1
BBIP1,1
BIVM,1
AZIN2,1
ATP6V1FNB,1
ATP7B,1
ATP8A1,1
ATP8B4,1
ATRAID,1
ATXN7L3B,1
AVIL,1
AVPI1,1
AVPR1A,1
AXL,1
B3GALNT1,1
BATF2,1
B3GNT9,1
B3GNTL1,1
B4GALNT3,1
B4GALT3,1
BAALC,1
BAG5,1
BAHCC1,1
BAIAP2L1,1
BAIAP3,1
BAMBI,1
BIN2,1
BLK,1
C12orf75,1
C11orf54,1
BVES,1
C10orf143,1
C10orf67,1
C10orf71,1
C10orf82,1
C10orf95,1
C11orf1,1
C11orf16,1
C11orf24,1
C11orf53,1
C11orf58,1
BTBD8,1
C11orf80,1
C11orf91,1
C12orf29,1
C12orf4,1
C12orf40,1
C12orf43,1
C12orf50,1
C12orf54,1
C12orf60,1
C12orf71,1
BTRC,1
BTBD18,1
BLNK,1
BPNT1,1
BLOC1S1,1
BLOC1S3,1
BLOC1S5,1
BMP3,1
BMP8A,1
BMPER,1
BOK,1
BORA,1
BPIFA3,1
BPIFC,1
BRCC3,1
BTBD17,1
BRDT,1
BRICD5,1
BRMS1,1
BRWD3,1
BSPRY,1
BST2,1
BTBD1,1
BTBD10,1
BTBD11,1
BTBD16,1
DYNAP,1
DYNC2H1,1
DYNC2I1,1
IL21R,1
IRAG2,1
IRAK4,1
IRGC,1
IRGM,1
IRS1,1
IRX4,1
ISLR,1
ISOC1,1
ISOC2,1
IST1,1
ITGA2B,1
ITGA4,1
ITGB6,1
ITGBL1,1
ITIH4,1
ITLN2,1
ITPRIP,1
ITPRIPL2,1
IVL,1
JADE2,1
JADE3,1
JAK1,1
JAK3,1
IQCF5,1
IQCF1,1
IQCD,1
IMPACT,1
IL24,1
IL26,1
IL27RA,1
IL3,1
IL31RA,1
IL32,1
IL36A,1
IL4R,1
ILVBL,1
IMMP1L,1
IMPDH1,1
IQCC,1
IMPG2,1
INF2,1
INHBC,1
INMT,1
INO80E,1
INPPL1,1
INSC,1
INSIG1,1
INSIG2,1
IQCA1L,1
JAKMIP3,1
JAML,1
JMJD4,1
KIF21A,1
KHNYN,1
KIAA0513,1
KIAA0753,1
KIAA1191,1
KIAA1217,1
KIAA1328,1
KIAA1522,1
KIF13A,1
KIF13B,1
KIF15,1
KIF22,1
KHDRBS2,1
KIF4A,1
KIF9,1
KIFC2,1
KIFC3,1
KIR3DL3,1
KLC2,1
KLC4,1
KLHDC8A,1
KLHL1,1
KLHL23,1
KHK,1
KHDC1L,1
KANK3,1
KCNG2,1
KATNAL2,1
KBTBD11,1
KBTBD4,1
KBTBD7,1
KCNA10,1
KCNA3,1
KCNAB1,1
KCNC3,1
KCNC4,1
KCNE1,1
KCNJ18,1
KHDC1,1
KCNK13,1
KCNK4,1
KCNK5,1
KCNN1,1
KCNN4,1
KCTD14,1
KCTD21,1
KCTD4,1
KDM4E,1
KDM6B,1
IL22RA1,1
IL20RA,1
DYNLT1,1
IL1R2,1
HOXC12,1
HOXD10,1
HP,1
HP1BP3,1
HPD,1
HPGDS,1
HPN,1
HPS1,1
HPS3,1
HPS6,1
HR,1
HRCT1,1
HRH3,1
HS1BP3,1
HS3ST3A1,1
HSD11B1L,1
HSD17B11,1
HSD17B14,1
HSD17B3,1
HSD17B6,1
HSF4,1
HSFX2,1
HSFX4,1
HOXB3,1
HOXB2,1
HOXB13,1
HMCES,1
HHLA2,1
HIGD1B,1
HIGD1C,1
HILPDA,1
HIRIP3,1
HIVEP3,1
HLA-C,1
HLA-DOA,1
HLA-DQB2,1
HMBS,1
HMGCLL1,1
HOXA9,1
HMGCS2,1
HMGXB3,1
HMSD,1
HMX2,1
HNRNPA1L2,1
HNRNPCL4,1
HOOK1,1
HOOK2,1
HOPX,1
HOXA4,1
HSH2D,1
HSPB1,1
HSPB9,1
IGSF11,1
IFT22,1
IFT43,1
IFT88,1
IGBP1P2,1
IGDCC3,1
IGDCC4,1
IGF2,1
IGFBP6,1
IGFL2,1
IGFL4,1
IKBKE,1
IFRD2,1
IKZF2,1
IL10RB,1
IL11RA,1
IL12RB2,1
IL17C,1
IL17F,1
IL17RD,1
IL17RE,1
IL18RAP,1
IL1F10,1
IFT122,1
IFNA8,1
HTATSF1,1
HYAL4,1
HTN3,1
HTR2C,1
HTR3B,1
HTR3D,1
HTR6,1
HTR7,1
HTRA3,1
HUNK,1
HUWE1,1
HYAL3,1
HYDIN,1
IFNA14,1
ICAM4,1
ID1,1
IDH2,1
IDI1,1
IER2,1
IFI16,1
IFIT1,1
IFIT3,1
IFITM10,1
IFNA10,1
KLHL29,1
KLHL32,1
KLHL5,1
KLHL8,1
LRP11,1
LRP2BP,1
LRRC10B,1
LRRC24,1
LRRC28,1
LRRC31,1
LRRC36,1
LRRC3C,1
LRRC51,1
LRRC56,1
LRRC61,1
LRRC63,1
LRRC7,1
LRRC8B,1
LRRIQ4,1
LRRTM3,1
LST1,1
LUZP2,1
LY6G6C,1
LY6G6D,1
LY6G6F,1
LY6K,1
LY6L,1
LRFN1,1
LRCOL1,1
LRCH3,1
LIPE,1
LIFR,1
LILRA2,1
LIMA1,1
LIME1,1
LIMK2,1
LIMS1,1
LIMS2,1
LIN7C,1
LINGO4,1
LIPC,1
LIPF,1
LPL,1
LIPJ,1
LIPN,1
LKAAEAR1,1
LLCFC1,1
LLGL2,1
LMBR1,1
LMLN2,1
LOXL2,1
LPCAT2,1
LPIN1,1
LY86,1
LYG2,1
LYPD6B,1
MATN4,1
MAP9,1
MAPT,1
MARCHF1,1
MARCKSL1,1
MARK3,1
MARVELD1,1
MARVELD2,1
MAST1,1
MATN2,1
MATN3,1
MBD3L4,1
MAP4K5,1
MBL2,1
MC4R,1
MCAM,1
MCCC1,1
MCCC2,1
MCEE,1
MCHR1,1
MCIDAS,1
MCM3,1
MCOLN2,1
MAP6D1,1
MAP3K9,1
LYPLA1,1
MAGEA6,1
LYRM2,1
LYRM9,1
LYSMD2,1
LYSMD4,1
MACF1,1
MAEL,1
MAF,1
MAGEA11,1
MAGEA12,1
MAGEA4,1
MAGED1,1
MAP3K21,1
MAGED2,1
MAGEH1,1
MAGI3,1
MAGT1,1
MAIP1,1
MAMSTR,1
MAN1C1,1
MAOA,1
MAP1LC3B,1
MAP3K13,1
LGSN,1
LGR6,1
LGR5,1
KRT9,1
KRT37,1
KRT39,1
KRT5,1
KRT7,1
KRT71,1
KRT72,1
KRT76,1
KRT78,1
KRT80,1
KRT85,1
KRTAP1-3,1
KRT32,1
KRTAP1-5,1
KRTAP10-12,1
KRTAP13-3,1
KRTAP15-1,1
KRTAP16-1,1
KRTAP19-3,1
KRTAP19-4,1
KRTAP19-6,1
KRTAP19-8,1
KRTAP20-2,1
KRT34,1
KRT23,1
KRTAP4-11,1
KPNA5,1
KLK2,1
KLK5,1
KLK6,1
KLKB1,1
KLRB1,1
KLRC1,1
KLRF2,1
KNCN,1
KNG1,1
KNL1,1
KPRP,1
KRT17,1
KPTN,1
KRBA1,1
KRBOX5,1
KREMEN2,1
KRT1,1
KRT10,1
KRT12,1
KRT13,1
KRT14,1
KRT16,1
KRTAP26-1,1
KRTAP4-5,1
LGMN,1
LDHD,1
LCE2A,1
LCE3D,1
LCE3E,1
LCE6A,1
LCMT1,1
LCN1,1
LCN9,1
LCT,1
LCTL,1
LDHA,1
LDLRAD2,1
LBHD1,1
LDLRAD3,1
LEAP2,1
LEMD1,1
LEMD3,1
LENEP,1
LGALS1,1
LGALS14,1
LGALS16,1
LGALS4,1
LGALS9,1
LCA5,1
LAS1L,1
KRTAP4-9,1
KYAT1,1
KRTAP5-11,1
KRTAP5-4,1
KRTAP5-8,1
KRTAP6-1,1
KRTAP6-3,1
KRTAP9-2,1
KRTAP9-3,1
KRTAP9-9,1
KRTCAP2,1
KY,1
KYAT3,1
LAPTM4B,1
L3MBTL4,1
LAIR1,1
LAMA1,1
LAMA2,1
LAMA4,1
LAMB2,1
LAMC3,1
LAMP2,1
LAMP5,1
LAPTM4A,1
HHATL,1
HGD,1
HEXIM2,1
FRMD4B,1
FAM90A14,1
FAN1,1
FANCI,1
FAP,1
FASTKD2,1
FAT1,1
FAT2,1
FAT4,1
FBH1,1
FBLIM1,1
FBLN1,1
FBLN7,1
FBP2,1
FBXL2,1
FBXO2,1
FBXO30,1
FBXO39,1
FBXO4,1
FBXO47,1
FBXO48,1
FBXW4,1
FBXW9,1
FCER2,1
FAM90A12P,1
FAM83H,1
FAM83G,1
FAM25G,1
FAM20A,1
FAM216A,1
FAM216B,1
FAM221B,1
FAM228B,1
FAM229A,1
FAM234A,1
FAM234B,1
FAM236D,1
FAM240B,1
FAM3A,1
FAM83F,1
FAM3B,1
FAM3D,1
FAM50B,1
FAM72B,1
FAM72C,1
FAM76A,1
FAM83B,1
FAM83C,1
FAM83D,1
FAM83E,1
FCGR3B,1
FCGRT,1
FCN2,1
FOSL1,1
FITM1,1
FJX1,1
FKBP15,1
FMNL2,1
FMO3,1
FN3K,1
FNDC1,1
FNDC9,1
FOLR2,1
FOSB,1
FOXB2,1
FILIP1,1
FOXC1,1
FOXD4L4,1
FOXL3,1
FOXN3,1
FOXO4,1
FOXP3,1
FOXRED2,1
FPGS,1
FRA10AC1,1
FRAS1,1
FILIP1L,1
FIG4,1
FCRLB,1
FGF11,1
FDXACB1,1
FEM1A,1
FER1L5,1
FES,1
FFAR2,1
FGD1,1
FGD3,1
FGD4,1
FGD6,1
FGF1,1
FGF13,1
FICD,1
FGF3,1
FGF5,1
FGFR1OP2,1
FGFR3,1
FGL1,1
FGR,1
FHIP2B,1
FHL1,1
FHL5,1
FHOD3,1
FAM205C,1
FAM205A,1
FAM199X,1
ENO3,1
ELOVL3,1
ELOVL7,1
EMILIN3,1
EML2,1
EML3,1
EML5,1
EMP3,1
ENAM,1
ENDOG,1
ENHO,1
ENOPH1,1
ELAC2,1
ENPP5,1
ENPP6,1
ENTPD5,1
EOGT,1
EOLA1,1
EOMES,1
EPB41L3,1
EPB42,1
EPCAM,1
EPGN,1
ELL2,1
EIF4G3,1
EPHA6,1
EDDM13,1
DYNLT2,1
DYRK3,1
DZIP1,1
DZIP3,1
EBPL,1
ECE2,1
ECHDC1,1
ECI1,1
EDC3,1
EDC4,1
EDEM1,1
EIF3CL,1
EEF1AKMT1,1
EEF1AKMT2,1
EFCAB14,1
EFHD1,1
EFNA2,1
EFS,1
EGF,1
EGLN2,1
EHD2,1
EID3,1
EPHA1,1
EPHA8,1
FAM193B,1
FAM161B,1
FABP6,1
FABP9,1
FAHD2A,1
FAM104A,1
FAM107B,1
FAM110C,1
FAM114A1,1
FAM118B,1
FAM124A,1
FAM13B,1
FAM162A,1
F9,1
FAM166C,1
FAM170B,1
FAM174B,1
FAM174C,1
FAM178B,1
FAM180B,1
FAM184B,1
FAM185A,1
FAM187B,1
FAM193A,1
FAAH,1
F2RL1,1
ERBB2,1
ETDA,1
EREG,1
ERFL,1
ERGIC1,1
ERICH2,1
ERICH5,1
ERMN,1
ERO1B,1
ERVW-1,1
ESPL1,1
ESPN,1
ETDC,1
F13A1,1
ETFBKMT,1
ETFRF1,1
ETNPPL,1
ETV7,1
EVC,1
EVC2,1
EXT2,1
EXTL2,1
EYA3,1
F11R,1
FRMD1,1
FRMPD1,1
HEXD,1
FRRS1,1
GSC2,1
GSDMB,1
GSDMD,1
GSPT2,1
GSTA4,1
GSTM2,1
GSTM3,1
GSTM5,1
GSTO1,1
GSTZ1,1
GTF2H2,1
GTSF1L,1
GUCY1A1,1
GUCY2C,1
GVQW3,1
GYG1,1
GYPC,1
GZMA,1
H1-1,1
H1-3,1
H1-7,1
H2AB1,1
H2AC1,1
GSAP,1
GRM8,1
GRIP1,1
GPSM1,1
GPR153,1
GPR156,1
GPR161,1
GPR17,1
GPR18,1
GPR25,1
GPR4,1
GPR42,1
GPR68,1
GPR78,1
GPSM2,1
GRIK4,1
GPT,1
GPX2,1
GPX3,1
GPX8,1
GRAMD1A,1
GRAP,1
GRB7,1
GREB1,1
GRIA1,1
GRIA3,1
H2AC17,1
H2AC7,1
H2BC11,1
HDGFL1,1
HCCS,1
HCFC1,1
HCFC1R1,1
HCG22,1
HCK,1
HCLS1,1
HCRT,1
HCRTR1,1
HDAC11,1
HDC,1
HDHD5,1
HBD,1
HEATR6,1
HEBP2,1
HECTD3,1
HECW1,1
HEMGN,1
HEMK1,1
HERC3,1
HERPUD2,1
HES4,1
HES6,1
HCAR1,1
HBB,1
H2BC15,1
H4-16,1
H2BC17,1
H2BC5,1
H2BC7,1
H2BK1,1
H2BU1,1
H3-4,1
H3C13,1
H3C3,1
H3C8,1
H3Y2,1
H4C13,1
HBA2,1
H4C7,1
H4C9,1
HACD3,1
HACD4,1
HACE1,1
HAGH,1
HAGHL,1
HAO1,1
HAPLN3,1
HAPLN4,1
GPR15,1
GPR148,1
GPR141,1
GCSAM,1
GALR1,1
GARIN2,1
GAS8,1
GATA1,1
GATA6,1
GATB,1
GBP1,1
GBP6,1
GCC1,1
GCGR,1
GDF15,1
GALNT5,1
GDF7,1
GDF9,1
GDPD3,1
GDPGP1,1
GEM,1
GFPT2,1
GFRA3,1
GGA3,1
GGCT,1
GGT5,1
GALNTL6,1
GALNT3,1
GGTLC2,1
FZD6,1
FRZB,1
FSCN3,1
FSTL5,1
FTMT,1
FUNDC2,1
FUT3,1
FUT5,1
FXYD1,1
FXYD3,1
FZD10,1
GAB1,1
GALNT15,1
GAB4,1
GABARAPL1,1
GABRA6,1
GABRP,1
GABRR1,1
GABRR2,1
GAL,1
GALK1,1
GALM,1
GALNT12,1
GGT6,1
GH1,1
GPR137B,1
GORASP2,1
GNB3,1
GNB4,1
GNPDA2,1
GNRHR,1
GOLGA4,1
GOLGA6C,1
GOLGA6L24P,1
GOLGA8M,1
GOLGA8R,1
GORASP1,1
GP1BA,1
GNA15,1
GP5,1
GPALPP1,1
GPANK1,1
GPATCH2,1
GPBAR1,1
GPLD1,1
GPM6B,1
GPNMB,1
GPR107,1
GPR108,1
GNAT2,1
GLYR1,1
GH2,1
GJB1,1
GHR,1
GHRHR,1
GHRL,1
GIMAP5,1
GIMAP6,1
GINM1,1
GINS4,1
GIP,1
GIPC2,1
GIT2,1
GJB5,1
GLYATL2,1
GK5,1
GKN1,1
GLI1,1
GLI4,1
GLIPR1,1
GLIS3,1
GLMP,1
GLP1R,1
GLP2R,1
GLS2,1
ZZEF1,1
