gene_symbol,UMAP 0,UMAP 1
AAMP,3.830361001072987,0.5280102258449054
AATF,-1.7897123220863942,-4.036570222635507
ABCE1,3.651859612394251,-0.25460108687235516
ABR,2.014724908589915,1.6594217034097776
ACAP2,1.9776602931194653,2.0837617913295157
ACAP3,0.0947494228084268,1.5270176284453578
ACLY,3.246979052611711,0.5211036095944671
ACTB,-2.188776820177619,1.7843592599758518
ACTG1,-2.1274068194730162,1.6818482420486252
ACTN1,-2.59738053421647,2.0150492008636562
ACTN4,-2.6543901553499247,2.048806657271194
ACTR2,-2.4292745888385596,1.5652739407972098
ACTR5,-0.2834175581146292,-1.965774550527708
AGAP1,0.08426166538057289,1.6462627757533927
AGAP3,2.3636608373640966,0.4360968786514191
AGO1,1.314674676351832,1.8022411582352316
AGO2,-0.6186410117290329,0.5401206471361398
AGPAT2,-0.7930114862035024,3.2179225446831863
AGTRAP,-3.083681980297302,1.840843572322877
AHCY,4.948127716805446,-0.8760860400425352
AHSA1,5.267917477569207,-0.9213181277815601
AKAP12,-1.9597245830562287,2.7799610540054998
AKAP13,0.4860878112724839,1.5264110477934847
AKAP8L,-2.959821481420659,-1.8998816457957886
AKR1A1,1.7344973698681878,-0.23334624666929615
AKT1,1.065724485997531,0.5979180999907657
AKT1S1,3.4003084476250622,0.8922764437954057
AKT2,0.6754047364690722,-0.059724553724074037
ALCAM,-0.4588391454549122,-0.3564391050266812
ALDH16A1,-1.0529270770645325,0.877700740386559
ALDH9A1,2.4363076226924614,0.9596846938926052
ALG2,-0.7194046377924967,3.3091699951129545
AMBRA1,0.7353065844627301,-0.25185603182797994
ANAPC11,1.315644028359808,0.59641947242905
ANAPC16,1.3608882877049955,-0.2691106740643437
ANAPC2,1.8297668597985335,-0.10073207539282997
ANAPC4,0.9000609039996971,-0.14166281323692864
ANKRD10,0.22094868565953607,-1.0249539506776792
ANKRD11,-0.3558201678425097,-1.6268813859310574
ANKRD13A,1.0896122589471595,1.922575334721229
ANKRD13C,0.5033637457570449,1.124383123545607
ANKRD17,3.320829019820671,1.0255129804465897
ANKRD27,-1.5020709162475558,0.7726685759939135
ANKRD28,2.6692137087561134,1.1752471074653426
ANKRD39,1.2984768249925818,0.5173496163218309
ANKRD40,-1.4229800492142233,0.7924844174866129
ANKRD46,-0.3843044622446318,5.332622974164166
ANKRD52,2.34850113728863,1.3161708493511544
ANKRD54,-0.057830025260965034,-0.5591836137036571
ANKZF1,3.121018514486418,1.0470182807474675
ANXA11,0.24576463500600576,-0.4274867074709412
AP2B1,-1.6900855487467368,1.84376114592826
AP2S1,-1.674393789561842,1.7677586651777273
APC,-1.1896675918152086,2.2001076214869704
APPL1,-1.1806518454158847,1.3734719341528732
APPL2,1.2001801368736165,1.8363857314720997
ARAF,2.1639872396777338,2.1135044674379713
ARF1,-1.7567688191491542,-0.17058200938352053
ARF3,0.1072037182069635,0.23063752715121366
ARF4,-0.3350891956161858,4.549809051667833
ARF5,-0.3323863241126781,4.499916567320614
ARF6,-1.9840264955733282,1.8829912074605373
ARFGAP1,-2.0524383389936918,-0.11640273219442593
ARFGAP2,-2.5243186106852544,-0.22787773562194336
ARFGAP3,-2.494103414628975,-0.2247434391034796
ARFGEF1,-0.7146796728017275,1.4805508207304894
ARFGEF2,-0.8369624002680691,1.3172248658760597
ARFIP1,-2.7075385494114497,-0.24495797850929646
ARFIP2,-1.8983314879265567,0.09953878479806189
ARHGAP1,0.019906216804942978,2.608446965067702
ARHGAP11A,-0.41771221924708846,-1.2810417640722345
ARHGAP17,0.8920148956485182,1.5681639370453628
ARHGAP21,-0.03525601964157854,1.5171880300466136
ARHGAP35,1.236185516936391,1.8387327727581093
ARHGAP8,0.16000730194110935,1.6388654013931445
ARHGEF12,1.0734374258816008,1.9801687208098877
ARHGEF18,1.9208440202579622,2.0222972920207845
ARHGEF7,0.12153569962994537,0.7883716496125776
ARID1A,0.1304631731566327,-2.8721285573166195
ARID1B,-0.3507736210136694,-1.8057894943386703
ARL1,-0.49589413456329523,-0.19444667955642697
ARL13B,-0.6845896425821387,-0.023270112718559055
ARL14EP,-0.41525395840766033,-0.37901529441588383
ARL2,2.1052604926465333,1.1482062486169693
ARL2BP,1.1679036582794637,-0.16748505529206975
ARL3,1.3589872930146076,-0.1667341263089211
ARL6,1.5495407940174966,0.4942735118348852
ARL6IP1,-0.9363192956614463,4.238717932589511
ARL6IP4,-0.7203494467897111,-1.1470243200957984
ARL6IP5,-0.7569042031183714,3.203191415829575
ARL6IP6,-1.5036990244013844,-0.8237810409411276
ARL8A,1.425013580806573,0.3747173054603845
ARL8B,-4.091953811973691,0.87142173599581
ARPC2,-1.5373393169108902,1.315972544153499
ARPC3,-1.4687249458604068,1.42181133023097
ASS1,2.7099469020513025,1.3427921369281974
ATG101,0.04727349924426527,0.9288714322477026
ATG12,0.37567995427831347,0.7784219244310197
ATG13,0.08801739307937317,0.8811278335344025
ATG14,0.7236289472587235,1.9706999708322988
ATG2A,0.9265310822860454,1.6584803417125955
ATG2B,0.9529399993490765,1.6277270951057448
ATG3,3.771859689007517,0.6288807681242549
ATG4B,4.325201485090733,-0.630474663869492
ATG7,3.4065272898557772,0.8567630998021222
ATG9A,-3.098259776642618,1.8527182798092974
ATL2,-0.7803330615375321,3.976701354855675
ATL3,-0.6607644276382385,4.2793434947314
ATM,-0.3458394025418545,-1.431461312451415
ATP1A1,-1.8079288363389567,1.0734844511480044
ATP2B1,-1.9375638403221396,3.0900032980883636
ATP6AP1,-3.5444261384311244,1.3778782590378325
ATP6AP2,-3.267907542062836,1.6990536335548025
ATP6V0A1,-3.9455159128819357,1.13268574235313
ATP6V0A2,-0.6648441640303202,2.8705161334330276
ATP6V0D1,-3.8840053500230085,0.8224045297183847
ATP6V1A,-4.051780590430019,0.9092779375404384
ATP6V1B2,-3.989540410010661,0.7422677212692254
ATP6V1D,0.5342207152267636,0.795229225834781
ATP6V1E1,3.210004525126549,-0.4485593785837606
ATP6V1F,2.872031193539486,-0.8189316087476519
ATP6V1G1,3.2921683551206877,-0.5462221868828314
ATP6V1H,-1.381567481249822,1.4460133814178544
ATXN10,3.6577368775103283,-0.37772354584059065
ATXN2L,0.053972422726493385,3.1280328054109034
ATXN3,1.2267283963978612,0.397597451769662
AURKB,-0.6024330733241154,-0.7209915026066621
BAG4,-0.2724342154876984,-1.686011033648053
BAG6,2.709794114929929,0.822062649858497
BAIAP2,-1.242603192931613,1.4048017477060761
BAIAP2L1,1.0717829105461125,1.1970455960955797
BANF1,-0.6228701573306117,-0.34448003845306774
BAZ1A,-0.37028358048536325,-2.508816096980714
BAZ1B,-0.20796781885041415,-2.756107544313205
BCAP31,-0.4651491311398056,4.988131069936634
BCAR1,1.2559230931487755,1.7600655741883404
BECN1,-0.4166539765579548,1.5147728744510776
BET1,-2.2803418721533566,0.26882305560269715
BET1L,-3.653886871970003,0.816155653389767
BIN1,-1.289942136389766,1.1341074615805566
BIN3,1.6112707307372345,1.9324330737567608
BLM,-0.43708054009110786,-0.6758766817288576
BLVRA,1.8995629706068842,-0.806170733140976
BLVRB,1.3187779662086494,0.4095611263394633
BMS1,-1.804956011216098,-3.4152843760942
BNIP1,-0.5285214407805298,4.398715597456872
BOP1,-1.8108060885010202,-3.1339150261221564
BPNT1,1.9389157018387855,-0.7058975083037867
BRD2,0.0410178449224613,-1.4193336199514368
BRD3,0.06920995397147711,-1.767232254803504
BRD4,0.06528755916278339,-1.6289616001574294
BTF3,4.554766945094723,0.9435341228060957
BUB1,0.5642014452710858,-0.036560526765141765
BUB1B,-0.34136746841633014,-0.01911405021073076
BUD23,-0.2877684051680375,-0.9686433297988042
BYSL,-1.3839027341226378,-3.2516290983375566
C12orf57,2.864720927210075,-0.4698434289166329
C14orf119,4.92414745865376,-0.8888352830990719
C18orf21,-1.5534852598826225,-3.316243151730131
C19orf53,-1.152245359329527,-2.5967666624123167
C4orf32,-0.45877466945634826,5.034907882231427
C7orf50,-1.1536754808904854,-2.6228562905589605
C8orf33,3.0159485469491463,0.4708389658820732
C9orf16,1.9179456850209449,-0.6530985744989911
C9orf78,0.7032661996379986,-1.9527319498418465
CAD,4.122693622463858,-0.0020476944795706498
CALD1,-2.2639009590213384,2.1429881836725655
CALM1,2.8851767225138536,-0.4179155412261883
CALM2,-0.14363416365894066,0.4210881225514146
CALM3,-0.29120635966121633,0.811868787187395
CAMK1,2.8384227032388067,1.2156373320247935
CAMK2G,-0.2610054652160517,-0.0972633867924716
CANX,-0.3736461443920721,5.25200175743291
CAPRIN1,5.765592032673505,0.7284734571862354
CAPZB,-1.448600325247296,1.4245918419141912
CASP2,0.39572365915471563,-1.0297507883204433
CASP3,2.3563645468337193,0.8415522622725794
CASP6,2.3764931639934623,0.7169918176821969
CASP7,2.105898228215689,1.1033754300491863
CBX1,0.03707716682667106,-2.609754396813068
CCAR1,0.19590700791442306,-1.9637996390784265
CCDC22,-2.655922785931073,1.110547922379987
CCDC47,-0.4081572676484525,5.177739277536336
CCDC86,-1.378602417998353,-2.852130890073766
CCDC93,-2.6525616566643992,1.0698157582910022
CCNB1,0.2165928422506206,1.440788725445612
CCT2,3.624951611437817,-0.6119271052566614
CCT3,3.882708810918982,0.42319776439593726
CCT4,3.649094620930402,-0.10761010892901268
CCT5,3.6567240706902204,0.3792683691987807
CCT6A,4.42600216602118,-0.6600804400474013
CCT7,3.451724638712961,-0.5951997516154617
CCT8,3.549285434955168,-0.40411266233879384
CCZ1B,0.5732401407625373,0.5473363187193289
CD151,-2.187722041677451,0.5873415323015175
CD2BP2,0.5450374044190195,-1.890324480927064
CD63,-3.935200055204838,0.7577521242298254
CD81,-2.1628493010455303,1.3367639469045183
CD9,-2.0715650649564643,1.4738489241713366
CDC16,0.9052734140925364,-0.1876086943709116
CDC20,-0.15420254857992732,-0.46628604261913525
CDC23,1.0405945788643214,-0.06964634853647533
CDC26,0.6721770126576602,-0.07519319759000603
CDC27,1.0752044341172522,-0.16360819324635206
CDC37,4.869308422862627,-0.9086805732325405
CDC42,-0.056236548599564506,0.3468749713392464
CDC42BPB,0.20718039246435416,1.9652541354275588
CDC7,0.07524195482196439,-1.4897724985377345
CDH2,-1.1769276470015937,-0.16410739694035686
CDIPT,-2.1572638419319863,0.5976143333046336
CDK1,0.5093448072105914,0.1451550460003297
CDK11B,-0.42057472829176157,-1.2440496785336157
CDK12,-0.4951598060157401,-1.1475905037009149
CDK13,-0.44395250915549567,-1.759874348175877
CDK2,0.5090452840663192,-1.0983383551634143
CDK4,1.7257201388954373,-0.6060381049010168
CDK5,1.5452140969032757,0.4768648614230845
CDK7,0.0460397314572093,-1.296400988360294
CDK9,0.4602916592623575,-1.8577744554198254
CDKN2A,1.6244503585833772,-0.7238698395803576
CDS1,-0.7643000223369133,3.1500864367928543
CDS2,-1.2265556459681166,0.09384804344075115
CENPA,-0.8421808998616778,-0.5734655148899694
CENPM,-0.821784801262446,-0.557365626342815
CENPW,-0.7769291053770511,-0.5472572788212011
CEP131,-1.233200874036616,0.6946715024923328
CEP135,-0.38940854334320574,0.22208181732550647
CEP164,-0.5913971723550265,0.23483119586814538
CEP170,-0.04466755842011705,1.448697606903477
CEP192,-0.6595194226617491,0.030639500238681117
CEP250,-0.5207143145202683,0.25056977431081806
CEP350,-0.5436584863862026,0.26220075603704107
CEP72,-0.7408228001219019,-0.3270749641202601
CEP78,0.08691415832853433,0.7184481631764544
CEP85,0.023380161214142547,0.6327740086014876
CEPT1,-1.3321905797183569,2.972752816785217
CERS5,-0.7014587338582844,3.121666500830219
CERS6,-0.5726334681844285,4.215967330208677
CERT1,-0.2603066160868721,0.8111009534790311
CETN2,-0.14930302862568,0.0024115146545092836
CETN3,-0.2411589209759698,2.631605515177604e-4
CFAP298,1.7110669294965009,0.01247779939292959
CHEK1,0.8608072676221282,-1.4281797313835285
CHEK2,0.30220634743009567,-1.0140227354875124
CHM,1.5082864622409522,2.295110621873143
CHMP1A,-1.046973864971334,-0.03930332008259885
CHMP2A,0.02550304233798173,-0.6040494989264418
CHMP2B,2.645051533444476,-0.3942820574131325
CHMP3,-0.6143322979053745,-0.051255035277517125
CHMP4A,-0.5787967736375119,-0.08041869598892704
CHMP4B,-1.5322131052632537,0.014933972171187082
CHMP6,-1.7188528217369141,2.720206584835223
CHMP7,-0.1889286041690571,0.36333617376546945
CHN1,1.6652359091253635,1.044048920978864
CHPT1,4.531976101313193,-0.7661766470928472
CHUK,1.4017674459286256,1.8328341360526972
CKAP2,-2.2121624134286053,2.092091080685853
CKAP2L,-0.2745952790851517,-0.6646874748949573
CKAP4,-0.6352952776574701,4.5578654873414415
CKAP5,-0.47690957317322613,1.104943954566247
CKB,4.86717739336176,-0.8328110086058446
CLASP1,-0.40123024810525965,1.1459791161832023
CLASP2,-1.2185375316223812,0.7934292228338663
CLCN7,-3.7164167307468006,0.6803703563618185
CLINT1,-2.9674169086361832,1.7100898588578204
CLIP1,-0.14511395533038451,1.8587414599436074
CLK2,-0.736214807153857,-0.8001363747350193
CLK3,-0.26023489246752507,-0.9885507199543929
CLNS1A,3.9197945835826413,-0.7349485392110902
CLPTM1,-0.3246083378971104,2.9618485341465286
CLTA,-2.8292795000671416,1.793161733393235
CLTB,-3.0723387205958486,1.8893003515965932
CLTC,-3.036616722583324,1.868892546097399
CNBP,3.710684521384885,-0.6038049146829996
CNN2,-0.22449671850943442,0.6582812134408328
COIL,-0.41527976355531726,-0.6318591504554554
COMMD1,-2.300268632791933,0.9820164008774525
COMMD2,-1.577510737068697,0.5880626606097229
COMMD4,-2.5237273017381128,1.0086464638882688
COMMD6,-1.5124320316938038,0.6823257263751604
COPA,-2.720938079830587,-0.08262941491976145
COPB2,-2.666767760393377,-0.09590339154654642
COPE,-2.6923771857105683,-0.05880056515543819
COPG1,-2.432980114670437,-0.247174017300139
COPG2,-2.40896080639845,-0.26785106310385937
COPZ1,-2.619696245314373,-0.2138491469087878
CORO1B,-2.070434542328008,1.6701497260749139
CORO1C,-2.7496574405895284,1.7239760503960873
CPSF6,0.2437589192753683,-1.720146717627455
CSE1L,-1.5359926678625677,-0.8428799507504257
CSK,3.733322930455392,0.5797453748501747
CSNK1A1,0.41438598803022086,-0.08024065335061337
CSNK1D,-0.5492325899063308,-0.11813735476180709
CSNK1E,-0.4108551712931726,-0.007382405918553547
CSNK1G3,-1.237059206097178,1.4528661481715033
CSNK2A1,-0.2621860548766404,-0.2944692139819137
CSNK2A2,-0.32115231070663086,-0.5050851910004822
CSNK2B,0.6531017942972511,-0.8232609868863237
CTBP1,-0.08061003306687187,-2.48177818897513
CTBP2,-0.09612568073080219,-2.446859302731979
CTCF,-0.16883009995621756,-2.5943007467612467
CTNNB1,-1.3679746038612872,-0.08219244038221918
CTNNBL1,-2.734387555313682,-1.747156392242219
CTPS1,0.6881052043494534,2.6693872978315007
CTTN,-2.735703642747858,1.7680569852147943
CUTC,0.8954497186189821,-2.0457624153152643
CYB5R3,-0.4856137722665904,4.944760667929298
CYP51A1,-0.538440929310857,4.240120628720941
CZIB,1.7303780847966013,-0.5010431183352412
DAD1,-0.3924049272635156,5.323147700082724
DAPK3,-0.28575614528453097,1.454748817370822
DBNDD1,1.9358758678679675,2.0639732400531297
DBNL,-2.8876174173276934,1.5110699423163618
DCP1A,-0.8292881733247519,0.36034533037497285
DCP1B,-0.7664985877709636,0.3262802134455097
DCP2,-0.7274805760909397,0.3416265740298947
DCTN2,2.9201033662538345,-0.3520136453954341
DDB1,0.9333474027354264,-1.5785585135762759
DDOST,-0.3103453461771668,-0.33696121207399937
DDX21,-1.6361407464629787,-3.803250801229681
DDX39B,-2.9995158285197094,-1.8729573055621649
DDX47,-1.5238612935910172,-3.8092811777012865
DDX5,-0.6168050457984955,-0.9724753191069213
DDX56,-1.7910134241497386,-3.3530826068478885
DDX6,-0.912874309518394,0.26865945110761547
DEGS1,-0.624013345803698,4.169588889142559
DEPDC1B,0.20637832676493917,1.6270926363546407
DHCR24,-0.9203441879317593,2.911875431199079
DHX37,-1.3050517659465564,-2.9129651853631393
DHX9,-0.12646546396197555,-2.01705014084732
DIAPH1,3.5243801760577558,0.728049481937182
DKC1,-1.519948584317034,-1.9833800983249485
DNAJA1,5.232951137682678,-0.8937522222821078
DNAJA2,4.703440817588592,-0.8298384986792255
DNAJB1,1.302364306862641,-1.190561370484208
DNAJB2,0.7042040680537883,1.24985745742358
DNAJB4,1.516305420483464,-0.018562735563368404
DNAJB6,0.5011882065192202,-0.6644351864145382
DNAJC11,0.6633295106992833,-4.955267843240285
DNAJC13,-2.0315551062073243,0.953904722252296
DNAJC17,-0.05050716518504339,-1.3052573039933384
DNAJC18,0.18439339280860312,1.6441880132132352
DNAJC2,4.5908054373835245,0.8730084602483436
DNAJC24,1.7783978768178805,1.0563306884354593
DNAJC5,-0.38305805431110174,1.5193737676670098
DNAJC7,3.724472227902532,-0.5508705157113997
DNAJC8,0.9119823446252598,-2.2602566617544233
DNAJC9,0.607549042291975,-2.6300495610088617
DNM1,1.9748487775607555,2.128487596277739
DNM1L,-2.179114441154686,0.5378855104614374
DNM2,-0.9755544944788135,1.3788668445806325
DNTTIP1,0.37754886002015386,-2.3223043309052787
DOCK11,1.3206764433164846,1.8078278417574762
DOCK7,-0.30204123467373345,1.2620583657968854
DPH2,1.021387396541825,0.9484810730880625
DRG1,5.678102644400118,0.6740563472806677
DYNC1H1,-0.03441920639852336,0.9926240875570903
DYNC1I2,2.852820461508419,-0.21240066401094254
DYNC1LI1,3.027489507918208,-0.4480200292682277
DYNC1LI2,2.838600209992005,-0.4816804020750911
DYNC2LI1,3.057502222299407,0.3364323014472478
DYNLL1,0.10768178503138859,-0.17102568582550165
DYNLL2,0.013351097836573067,-0.1638460849442004
EBNA1BP2,-1.764086832720098,-3.890165600895761
EBP,-2.0982621009208744,0.39109477188213915
ECPAS,3.2967945518535196,0.9489395054378481
ECT2,-0.30825183981130855,-0.7608742131995253
EDC3,-0.8733829697391396,0.34367852050815273
EDC4,-0.7485471830925208,0.36183945631824643
EDF1,3.576186071404898,-0.7049169122706136
EEA1,-2.3889032820223215,1.0878995410405081
EEF1G,5.743329843046469,0.7148501201157916
EFTUD2,-3.036117399303588,-1.8713557604370785
EIF2AK2,4.651847745196005,0.8989978957667367
EIF2S3,4.592304798022564,0.9663139442013834
EIF3B,5.711591331092128,0.7118503971461102
EIF3E,-0.2250346170850076,1.8623083089754529
EIF3G,5.736359977384317,0.7424146723147563
EIF3I,4.860296564887126,0.6598803234073237
EIF3K,4.537438278220975,0.9802478829515969
EIF3M,4.606713469414687,0.8301622100850276
EIF4A1,5.493354356621113,0.6540234826113237
EIF4A3,-3.057073711019799,-1.9323558793011184
EIF5,5.105377537889913,0.5413043251633044
ELOVL1,-1.6167981126881976,0.3557115591443848
ELOVL5,-2.2489577505443714,0.40111182149268665
ELOVL6,-1.5552787759819937,0.6112960074732979
EMC1,-0.7229405921186851,3.8502175483757775
EMC10,-0.9806803032885918,3.2685726017529677
EMC2,-0.3156480060048271,5.50028320666606
EMC3,-0.6661585795983349,3.9648121124405113
EMC4,-0.3681555431672616,5.46128699070358
EMC7,-0.3360395998270739,5.50669724136284
EMC8,-0.38181272557319634,5.34781090274008
EMC9,-0.6669418723407459,3.397944364316685
EMG1,-1.5881479564707681,-3.7854819740818746
ENO1,5.229619524346848,-0.8323125165185106
ENY2,-1.3504463720887965,-0.7945906515552064
EPN1,0.9998161425051538,2.3916292416989497
EPN2,0.6445006137282502,2.191124773301892
EPS15,-1.4187339653797564,1.1016976488506445
ERG28,-2.230423805070172,0.41562668773929556
ERI3,1.5734238886498741,0.9464790180532839
ESD,2.523397018312233,0.01875263584321174
ESYT1,-1.1518233295444356,3.929069949799989
EWSR1,0.3595356426266564,-1.8901650674056962
EZR,-0.2716621736721405,0.7255696940208506
FAM117B,1.7847468310460046,1.3895074590451864
FAM120A,0.1479872543358739,2.9812287590939963
FAM174C,-2.795526743770802,-0.2002813382314358
FAM207A,-1.391065078972509,-3.1648259011205884
FAM50A,0.9506288795687877,-2.2336572282036706
FAM50B,-0.16370581777581206,-0.9882101395030842
FANCA,0.2789730602464563,-0.156131596597045
FARP1,-1.504130720498633,2.6712454064552498
FASN,3.856545514411642,-0.11010027123033228
FAU,4.876506620795483,0.6862110612468423
FBL,-1.7282448538138806,-2.711867400506939
FCHSD2,-0.6478845540737685,1.6287733690964372
FDPS,1.5803466192741613,-0.10904170935758989
FKBP5,0.8279488047887872,-1.9981534006062471
FKBP8,-4.0296246759236185,1.1632306868358575
FNBP1,-1.1424544087866975,1.2522130258852542
FNBP1L,1.065996620841617,1.8414994332896617
FTH1,-2.191166465495578,0.3462878262829776
FXR1,0.15305491994767972,2.9588015247971216
FXR2,0.0807166608706037,2.867540332509018
FYN,-1.3433154908000648,2.5896015097159877
G3BP1,5.850339671777055,0.7468105892701274
G3BP2,5.833032810508451,0.7525168076554233
G6PD,-0.5653844694928003,1.0551723165736777
GAK,-0.09014966842485761,1.9582339305308585
GAPDH,5.277087618178541,-0.8957165444207423
GAR1,-1.5097563632498625,-1.9450882049346658
GATAD1,-0.4455887426892401,-1.7897799950521391
GBF1,-0.5322035089355444,1.0524951168841938
GDI1,0.11892128165632598,-0.20108741559847648
GDI2,3.3651129589690623,-0.46287646468167465
GET4,2.5642845457445835,0.875757969856228
GGPS1,1.0383432610695453,2.257303345814812
GJA1,-1.0075356757430334,0.031272161566053724
GLUL,3.3889199248682003,-0.3584307683305259
GNB1,-1.9484986959952564,1.9750363177639727
GNL2,-1.4744780620301496,-3.426884274614646
GNL3,-1.5067028500170863,-3.508758071392734
GOLGA2,-1.641693416061478,-0.1262872181455018
GOLGA7,-1.7227126182644459,2.9580051214331067
GOLT1B,-1.4272500208912695,0.5977528080354905
GORASP2,-1.435506784044585,-0.26974826291727505
GOSR1,-2.676659877500962,0.3333893267639906
GOSR2,-2.6038474054524596,0.2202871266487748
GPAT3,-0.8999298825839265,2.6981723180274213
GPAT4,-0.7052043042398775,3.9361839925115802
GPR107,-3.0154888726566442,0.5410871347732397
GRB2,1.6073969617393327,-0.4175317896732443
GRK2,0.8036606234407196,1.4575674257831581
GSK3A,-0.46342414825720646,0.9005881150577025
GSK3B,-0.0734606060520635,0.6825752910286115
GSPT1,4.953726905548923,-0.8393794199466224
GSTP1,2.0414666943700643,-0.9546188233210171
GTF2F1,-0.3357556312500384,-0.7159584028763555
GTPBP4,-1.622234764210197,-3.4835846047828487
GYG1,4.00853348761125,-0.15481890429770012
GYG2,0.11967859341712328,0.6625229861638636
GYS1,2.7749419044960595,-0.10859199496919253
H1-0,-0.5909966471031425,-2.2208948758857665
H2AZ1,-0.4309209843727705,-1.4103940694031079
H2BC21,-0.7516229294230738,-1.9051918835345876
HDAC1,0.2955463714134373,-3.0721724777599126
HDAC2,0.2691475845373329,-3.0659597691584786
HDAC3,-0.08769674687474716,-2.4951220374666865
HEATR3,0.9258750223897164,-1.5536137389413502
HGS,-1.263089366982142,1.1233614404962324
HIP1,0.16409052439998895,1.8994778654981648
HLA-A,-2.234916227230034,0.5340043998956835
HMGA1,-0.18216114552700147,-2.8158237723036397
HMGB2,0.34924902395310264,-2.614986368318997
HMGCS1,0.8394319182527191,-0.3166242654204709
HMGN2,-0.12205546298257364,-2.9018347051629596
HMGN5,-0.04713472648411421,-2.8868168531017293
HNRNPA0,0.5054484090570254,-2.261585572209578
HNRNPC,0.728983178617259,-2.0664014781329514
HNRNPD,0.4060307978310457,-2.2755778114065657
HNRNPH1,0.2688641581707286,-1.6503252288071044
HNRNPL,0.1838119375315509,-2.7879056193771605
HNRNPU,0.45054127029809743,-2.1843758068306465
HOMER1,-0.6147280885938968,0.13907816214242974
HSF1,-0.04117141377538114,-2.3186681307063437
HSP90AA1,5.230873680031546,-0.8621625704523552
HSP90AB1,5.329116344859479,-0.9458918941256729
HSP90B1,4.015053715667851,0.14114795684135506
HSPA12A,-1.967788464591588,3.108681445491717
HSPA14,3.915859218653212,0.9640223373422404
HSPA1B,5.198428595301507,-0.8831167576478485
HSPA4,1.2227685077890702,-1.21678451777489
HSPA4L,2.4593502974972856,0.6091294996060027
HSPA8,5.262284830783591,-0.9382188944604217
HSPB1,3.0622251408960075,-0.19068137358933662
HSPB11,0.2918326928420051,0.9152504069311836
HSPBP1,3.5817672999177494,0.2989069693577807
HSPH1,3.911552351729962,0.29703427405392024
HUS1,0.5934369708164754,-0.08348498066768678
IDI1,1.377388245705951,0.5133697160494907
IGF1R,-1.4679248278016708,2.7974746953609464
IGF2BP1,0.15195997012477835,2.925702322647828
IGF2BP3,0.041370583278610984,2.6813966977084553
IKBKB,1.8665592742665544,2.0405447510157844
ILF3,0.1546057349626736,-1.7810453064399345
ILK,-0.001935086729200619,1.295250244104757
IMP3,-1.648934807723175,-3.928273143293537
IMPA2,1.5992727426321354,0.71305449771654
INO80,-0.5329444774110248,-1.8895614143254473
INPP4A,0.8863938211323698,2.1489752353688263
INPP5E,-0.7205958411137734,0.018057242141181762
INPP5K,-0.8692233681594825,4.203884606672227
INPPL1,0.409861054258034,1.718907283466987
INTS14,-2.8188564489569585,-2.8237983218506946
INTS5,-2.8414540584052865,-2.903526690953566
INTS9,-0.5151846721702809,-1.7241104958656401
IPO11,0.9587901122613637,-1.464239852528951
IPO13,-0.3490689530559745,-0.28875539379892895
IPO4,1.6403533576859575,-0.9816827119974016
IPO5,3.734431107034065,-0.5794900926467039
IPO7,1.508888703101412,0.05851328676486056
IPO8,1.174928441215617,-0.22120073212534935
IRAK1,2.075819520960263,2.1111860992007565
IST1,2.711401221237852,-0.5358191566253908
ITPR3,-1.3504745774191946,1.0418742693887322
ITSN1,-1.6506345584779658,1.8308832910195338
ITSN2,-1.5007425400631798,2.00583900403364
JUN,0.21014549247980197,-2.321615530850726
JUNB,-0.09495683351527151,-2.22810109824066
KDSR,-0.8767578480329354,3.2824460509768842
KEAP1,-0.11357015232226364,0.7033671988268583
KIAA0319L,-1.4987667818861432,2.0961388725303034
KIAA1143,0.9059566889494762,-2.0865258035733882
KIF11,2.7872999124160662,-0.13859392543794058
KIF1B,1.8890713893007196,2.018126130663027
KIF20A,0.2383554168559413,0.637833329476244
KIF22,-0.6179302376553408,-1.8952665729254403
KIF2A,-1.9441286091527532,1.5092513589851366
KIF2C,0.14231232674324878,-0.7220544172126468
KIF3A,2.1648514409390405,1.351261733403128
KIF3B,2.081662266169074,2.0865890086295296
KIF4A,0.19751417387487769,-0.8223511080226118
KIF5B,3.197996048926661,0.6105248222472274
KIF7,-0.6285346270306178,0.5899362048389952
KIFAP3,1.1632352006137383,1.7415735284709908
KIFBP,2.6042127591771904,1.066042375522581
KIFC1,-0.08109414757466737,-1.1673027964975211
KLC1,3.3359558926359183,0.789207469261218
KLC2,2.852595366011729,0.6133850445230219
KLC4,1.992886099024965,2.0463713478382104
KPNA1,-0.9199728968857543,-0.5391607213437355
KPNA2,-0.6504507837832694,-0.2474660184717145
KPNA3,-0.7543013870170245,-0.43052743303732066
KPNA4,-0.8767618158654786,-0.40643851060793446
KPNA6,-0.29021222942952674,-0.3491729315310499
KPNB1,-0.978112029304803,-0.36094980150134276
KRAS,-2.0558631647797934,3.2062348698456113
KRT18,-0.7480714867875954,-0.2963428172202
KRTCAP2,-0.38837327962847623,4.58907610160589
LAMP1,-3.9943376844024834,0.7442202794783773
LAMP2,-3.9546312103337002,0.69540784499188
LAMTOR2,-4.0118223661364985,0.7843367708396168
LARP7,-0.13712682003449583,-0.9814891871076362
LBR,-0.19496335225893513,-0.23771062707713647
LDHA,4.8750805808813915,-0.8285431756193014
LDHB,4.046126605445894,-0.48349700228822556
LEMD2,-0.8895011288888994,-0.4155112853607221
LEMD3,-1.4597263470690094,-0.7532723283613445
LGALS1,1.903858188283122,-0.82284638024503165
LIG1,0.11769578410693182,-0.8546779412823672
LIMK2,2.026478025684696,1.3521964872572876
LMAN1,-2.179739318745626,0.19300310729790315
LMNA,-0.3337345351336498,-0.43685472398929426
LMNB1,-0.5863836025648861,-0.341007892854029
LNPK,-3.066827960925083,1.9250128915853986
LPCAT1,-0.09560814816830954,-0.04563680426873862
LPCAT2,-0.5207042733943046,4.378492425352517
LSM14A,-0.6673213204269797,0.3193490853819433
LSM14B,-0.8850695089234287,0.32559448251530465
LSS,-0.2334310877896676,-0.15515795055349418
LTV1,2.6774364870337184,1.2045621282195262
LZTS2,-1.2122064100883354,-0.013804156246605692
MAN1A2,-1.6234104391288868,0.5051498637316275
MAP1LC3B,-0.29857668988977726,0.6015124914128268
MAP2K1,3.8531092914515446,0.6598954742484123
MAP2K2,3.837514807651682,0.5664107228257432
MAP2K3,1.474987821491538,0.4640343385751381
MAP2K7,1.5028058447481274,0.48237260452208475
MAP3K7,1.9273495331779134,2.2247141051689456
MAP4,-0.8579319895561224,4.251971320631696
MAP4K4,0.2231255952827208,1.7132170740037784
MAPK1,3.279779393367366,0.48064524891800653
MAPK14,1.0405097348109997,-0.44721755351539044
MAPK3,1.891487794117542,1.1428573043986439
MAPK8,1.1077953358116956,-0.1666061326709537
MAPK9,1.124533482811724,-0.19987007552380642
MAPKAPK2,2.4224253789308605,0.6397899815202933
MAPKAPK3,1.1284249899597518,-0.2821970806321875
MAPRE1,3.0874231842253987,-0.43849898885080324
MARK2,-2.1306727364676283,3.2402878683975858
MARK3,-0.09328723531152072,0.3983291297769702
MARK4,0.233148853044976,1.5722445586414464
MBOAT2,-0.13009700351146147,-0.14137722020517096
MBOAT7,-0.5239925446399699,4.636459343244694
MCM10,-0.30002207659720004,-0.9352438931628839
MCOLN1,-3.857161414387521,0.7024994448129614
MDH1,4.919522995918631,-0.8878204114120302
MECP2,-0.32085456562297876,-2.6014562246104243
MED10,-2.9721942202085416,-2.9734439869226796
MED11,-3.4357158125367,-3.3365654222528067
MED14,-3.3544515419177445,-3.256562029574361
MED15,-3.0538701347697725,-3.032686192637743
MED17,-2.981858343859084,-2.9757972479874226
MED18,-3.224662308147873,-3.1470683738725542
MED19,-3.4510038169125696,-3.3522715182893283
MED20,-3.404016278201079,-3.308714361935709
MED21,-2.9491356535666555,-2.9554282391557853
MED22,-3.3778377570921303,-3.2785698894505098
MED24,-3.261835240360108,-3.1835169664128378
MED25,-2.6962344997405694,-2.777176139985261
MED27,-3.4269053326925145,-3.335400682373566
MED28,-3.259420372032882,-3.1782682951162426
MED29,-3.3409225434674177,-3.240719406534178
MED31,-3.271489806388925,-3.176325905454558
MED4,-3.395686306251137,-3.3027727798536617
MED6,-3.09529319079718,-3.0799109419721034
MED8,-2.914391705159338,-2.9408914497441856
MED9,-3.4166648138989006,-3.3167874435662053
MELK,1.722158607899984,1.2035400903107254
METAP2,5.320776142967414,0.6431666998113573
MFN1,0.6629775069604057,-4.955172353959129
MFN2,-3.105508150136061,0.7619555691026506
MFSD11,-3.045090743977671,0.5678560069429309
MFSD12,-3.707757544001904,0.6633634159776157
MIF,4.916244882810884,-0.7495828294448974
MINK1,0.17432933889675561,1.6864489789188495
MIS12,-0.6033392713236725,-0.4229828052741119
MKI67,-0.6330349155946926,-0.6795413151130845
MKNK1,1.7889877071430753,1.337448149911026
MKNK2,0.8149812738640022,-0.2372825591896352
MMGT1,-0.6175412127876228,4.318484422899731
MPHOSPH10,-1.6831170313138082,-4.014932656143298
MRTO4,-0.19422781130727795,-0.859440459425827
MSH6,-0.5673458502612485,-2.4427218007409075
MSN,3.906983267961939,0.295855833594171
MTMR1,1.4816316978987607,0.523386080484071
MTMR2,1.8450238590397507,0.8466202709769169
MTOR,0.30833567744918355,1.6700121956221157
MVB12A,0.1670737860546515,0.7706717582632282
MVD,1.7796061188881849,0.9374451038645365
MVK,1.7208392518890894,1.0604671343533045
MYBBP1A,-1.723678411082336,-4.0070247457723385
MYH10,-2.618468856820199,2.0403891344743483
MYH9,-0.18003337556022891,-0.16112391647973617
MYL12A,-0.44830799690470235,1.0066112855776397
MYL12B,-2.3377017219630525,2.020479179116783
MYL6,-2.145532670878313,2.015008622734195
MYL6B,-0.2204322884363451,0.9302942145984004
MYO19,-3.3402628867870776,0.7947333300401033
MYO1B,-2.1966182276747332,3.225007586444319
MYO1C,-2.158045452961242,3.2516962422603553
MYO1E,2.1076297220579585,2.1450236618133816
MYO6,-0.9010173768363858,1.050669778566104
MYO9A,0.2897664017656677,1.7191537503702872
MYO9B,1.9230926779433513,2.03615436563365
"NAF1",-0.206911561810306,-1.0143791302592073
"NANS",1.0360420472172254,-1.6682572624100955
"NAPA",-0.010629653705282682,0.1645307386937389
"NAPG",1.8171790323909045,0.0045774803799819574
NCAPH,3.7630047968483353,-0.6544508263514507
NCK1,-0.17623131002659176,1.2777729870223182
NCK2,-0.0956992165032633,1.4474955806046124
NCKAP1,-1.1576297041599366,1.43818012514317
NCKAP5L,0.13386599512019381,1.6946983210522335
NCL,-1.4980421415143876,-3.702990365041793
NCLN,-3.0366225885887577,1.8731022518738665
NCOA1,-0.35210422174873435,-1.6947598373790433
NECAP1,1.5723310432332709,-0.17290473867251155
NECAP2,1.5561913768344513,0.13903252273625188
NEDD1,-0.2695405482242489,0.4341556536315897
NEK9,3.85690996482717,0.6585392709977301
NEMF,1.8992056454255422,2.1371243719643744
NEPRO,-1.3239579644753479,-2.7501464014314134
NET1,-0.20497155953348056,-0.5492595223353397
NFKB1,0.190653555431875,0.044180789729176606
NFKB2,1.904040328087886,2.0369204836543564
NHP2,-1.4404669793196592,-1.9309057208838407
NIFK,-1.7006167895144513,-4.052429396386748
NMD3,-0.041570347728513535,0.303935606810405
NOL10,-1.689111448106889,-3.9081279475036985
NOL11,-1.7806035476929245,-3.976223105339469
NOM1,-1.562144545952277,-3.3907617112294623
NONO,-0.05209827244354659,-1.3680725745007893
NOP10,-1.4706910444565475,-1.8783584994896172
NOP2,-1.7791563210951462,-3.9456772367388666
NOP53,-1.8068673553143495,-3.3794433177877043
NOP58,-1.6502934753604723,-2.2762424617363393
NPM1,-1.5692805496963182,-3.7766009979899255
NPM3,-1.6955248384406585,-3.768216837038235
NRBP1,3.7498645416007736,0.9053269661114333
NSA2,-1.76321327138451,-3.356784329816872
NSDHL,-0.45606363075266776,4.991021890199218
NUCKS1,-0.4196610919667588,-1.3689242919058326
NUF2,-1.3510769097075308,2.1824273468757176
NUFIP2,0.11200447149927817,3.067315155015755
NUMA1,-0.14230515781250985,-2.6628067652998055
NUP107,-1.576853162863777,-0.8456063495113169
NUP153,-1.611472773265426,-0.862784793194316
NUP155,-1.653995953405985,-0.8419977795315168
NUP214,-1.598294849546062,-0.8237509078507301
NUP35,-1.6409396826281488,-0.8956720975594148
NUP98,-1.5845472705249797,-0.8353187217111562
NUTF2,-1.608827453913713,-0.8463523285953618
NVL,-1.3017492213644075,-2.844570474043219
NXF1,-0.5228182491034431,-0.7322104412492086
NXT2,0.08228163080829998,-0.6718179809720629
OCRL,1.1731464825887081,2.508907036497579
ORAI1,-1.3114807363391068,2.538853660337811
OSBP,-1.6038864562921138,-0.23640968181569594
OSBPL11,-0.44453407371644726,0.909601548373611
OSBPL8,-0.9926127833886098,3.4547567032668383
OST4,-0.37508740751306924,5.470720940850628
OSTC,-0.3537684310315897,5.360237298210718
OXSR1,2.743821262232105,1.1897557277057933
PABPC4,5.255849466936559,0.5885544231235172
PACSIN2,0.1520622669112054,0.7535744029400723
PACSIN3,-1.4283554208338998,1.1186046880287055
PAIP1,0.8382030887060609,0.8665720140713703
PAK1,0.624569875075864,1.632442047423302
PAK2,2.9921051752203764,-0.4667421570916411
PAK4,3.4158426689514183,0.9476770092858068
PARP1,0.07474460163098484,-2.9057369521087573
PASK,1.6064434652845683,1.9612847312802781
PATZ1,-0.5183476474507428,-1.5900741363208915
PBK,1.9305779833945245,-0.6874038374439994
PCNA,-0.15182210275844932,-0.34700734732618843
PDAP1,4.99962044356897,-0.8744727374179384
PDCD11,-1.915214606872956,-3.549810669210847
PDCD6,0.3128185777911777,-0.6390557244920763
PDCD6IP,4.013461553837165,-0.32926512954327875
PDCL3,4.943762001120702,-0.8687448432141871
PDPK1,0.8054067198311264,1.7160848511472677
PES1,-1.8170834626929717,-3.216716543377856
PEX3,-2.5773779792115463,1.0194474049353537
PFDN6,1.8749290382129309,0.8802015781316245
PFN1,4.059515502134927,-0.13303717225016498
PGK1,5.1413419117002945,-0.9170714835946778
PGRMC1,-0.392803228081249,5.019131145577031
PGRMC2,-0.6338799386708365,0.2130476158004968
PHAX,0.20206827058801002,-0.9154876886516696
PHF10,-0.13527164457403262,-2.5759049547624717
PHGDH,3.738558730931186,-0.334507249947535
PHKG2,3.5245622584537895,0.8441617986592452
PHLDB1,-1.1146577770522252,0.6840235182537998
PI4K2A,-0.9732302051312904,2.1151990045886904
PI4KA,-1.6936283368461482,3.026077303554329
PI4KB,-2.020877811897061,-0.08121890941867937
PICALM,-1.657618477716619,1.812529408344318
PIK3C2A,0.8934796209719399,2.190474669004909
PIK3C3,-0.7086053370943546,1.3497739316516677
PIK3R1,-1.3663955486146713,2.7691149710060046
PIK3R2,-1.6562892424222524,2.937686119833267
PIKFYVE,-0.753867634825369,1.3724875482510273
PIN4,1.3635969910803571,0.661229421184197
PIP4K2A,-1.8245795080687786,3.026796092178292
PIP4K2B,0.3472144938616267,1.6806133571674917
PIP4K2C,0.03138346647889334,1.7267122409993285
PIP4P1,-4.004813087580608,1.0371459734541526
PIP5K1A,-1.7299015182755602,3.009603527486229
PIP5K1C,-1.62995766129429,2.891123964152601
PKM,4.93822222296424,-0.8119810284820296
PKMYT1,-0.5737515503173785,3.4418961744995555
PKN1,3.6852841909391536,0.749061481371266
PKN2,-0.5033152261486,3.658345122632425
PLA2G4A,2.450390664756741,0.633214658114145
PLD2,0.05389736554001534,1.7132548520672737
PLK1,0.1988942864711155,-0.2734181524388244
PLPP1,-1.3493677575170955,2.351893615877438
PMVK,0.9971212266232649,-0.308233901028211
PNPLA2,-0.9800450846508802,0.12052480020611955
POLR1A,-1.4855998500043102,-1.8644545692107175
POLR1B,-1.44464968679115,-1.7592005704972649
POLR1C,-1.6308022354303067,-1.409310283450643
POLR1D,-1.5778522836304454,-1.394913471812284
POLR1E,-1.5122358015430606,-1.8598840841064952
POLR1F,-1.3782184835680558,-1.7596905832929988
POLR2A,-0.17974727168940074,-2.0024666239296454
POLR2B,-0.3046063847928655,-0.42937779670449494
POLR2C,-0.4507569353821339,-1.5801142743108798
POLR2D,-0.40094603295198783,-1.767328591590005
POLR2E,-1.6165139351327507,-1.4325709645634426
POLR2F,-1.6367811040715208,-1.4621665412519653
POLR2G,-0.4069149583383094,-1.7537399343929905
POLR2H,-1.6674744525586593,-1.519413614860341
POLR2I,-0.14108983047583867,-2.104655249046776
POLR2J,-0.26679811727975755,-1.8233298698118712
POLR2K,-1.670154065717522,-1.4043366297734736
POLR3A,-0.9904454138217756,-1.1532533470330721
POLR3B,-1.0344474965139572,-1.3012093422411164
POLR3C,0.27917685038216067,-0.9044014088409051
POLR3D,-0.02805718263348944,-1.5449176299778553
POLR3E,-1.0023709058991899,-1.4207973139885381
POLR3F,-0.933529451036508,-1.3671177967138848
POLR3G,-0.7473357704357746,-1.3775405046036986
POLR3GL,-0.7065892199416404,-1.5100093471330323
POLR3H,-1.04139995523333,-1.2131515901433483
POT1,-0.7854661258667373,-0.6302084639389663
PPM1G,0.8939069332495441,-2.143391329063262
PPP2CA,1.4693332869031344,0.13863376920405424
PPP2CB,1.433360402531219,1.0623741811679674
PPP6R1,1.1878030809367268,2.277351553625663
PRKAA1,1.3590717768082943,1.8896186429293627
PRKACA,-0.5522098715483053,0.8996056961232669
PRKCD,1.8228128494786442,1.1901351968837086
PRKCI,2.365741608999992,0.926551568519732
PRKD2,2.139663821075093,2.1350886950297356
PRKD3,0.6083889616213664,1.1139499244751243
PRKDC,-0.1976736689499904,-1.8864521149839533
PRMT9,0.6287667984747541,-0.9361857045368988
PRPF19,-3.083072316462922,-1.9771484119404295
PRPF4B,-2.9102603186214417,-1.835664225008752
PRPF8,-3.013642260361756,-1.830157466300867
PSMA1,1.3665756139004288,-13.239641089725335
PSMA2,1.4035712658094903,-13.20431106881135
PSMA3,1.3271815912989,-13.295664520414777
PSMA4,1.3854088797908228,-13.199427943879533
PSMA5,1.3189677433822635,-13.29295612582503
PSMA6,1.454783509944582,-13.157538883969384
PSMB1,1.3575991153977465,-13.252543478537142
PSMB2,1.337048285914392,-13.28251529863197
PSMB3,0.48224879385414765,-0.5247655504819053
PSMB4,1.3533719533319042,-13.254122255890687
PSMB5,1.3896773758215852,-13.21445945056388
PSMB6,1.36792230346082,-13.252171169457231
PSMB7,1.3998555101835932,-13.206138188943656
PSMC2,1.26314564815935,-13.359205134274358
PSMC3,0.6301574464979393,-0.7456630590617787
PSMC3IP,-0.22656703398482225,-0.6840447642339949
PSMC4,1.2355660401755113,-13.385803008454099
PSMC5,1.249424156907442,-13.3742190498771
PSMC6,1.3177512630351926,-13.293178976810617
PSMD1,1.4036202409563967,-13.204895900522429
PSMD10,2.4832919463339755,0.3316340203878343
PSMD11,1.2565443339206062,-13.366637864624764
PSMD12,1.291629902381327,-13.320913429799845
PSMD13,1.310988798345567,-13.298068826522403
PSMD2,1.3792596591405677,-13.227963392973338
PSMD3,0.7656351399608333,-0.7823638908705914
PSMD4,1.407630033432441,-13.200875606277519
PSMD6,1.2838789951753702,-13.340041735779183
PSMD7,0.7303944083873574,-0.7930139486167602
PSMD9,3.724441454903907,0.5788921430525719
PSME1,4.933506738458555,-0.8509824380890354
PSME2,3.9729531090635417,0.11123306655455012
PSME3,0.8923076761043868,-2.1380998210770827
PSME4,0.578614705967566,-0.6750056066485252
PSMF1,1.4722817547135052,-0.8159508761325369
PSMG1,1.9857995163259092,-0.5264227994414481
PSMG2,2.2712128962715044,0.8589005622081319
PSMG3,1.906962305161887,-0.5065358933358974
PSMG4,1.1552134478082108,-0.22641374243902368
PSPC1,-0.09465022857768846,-1.4494026634207495
PTDSS1,-0.7844258278242664,3.2711562235590073
PTDSS2,-0.4731436427012934,4.216887232829416
PTGES3,5.2346828930670855,-0.9481795422724468
PTK2,0.8278353726824493,1.518026377676656
PTK7,-2.1090347817077784,3.233413354078623
PTMA,-1.2165842096140775,-0.3739253001964843
PXN,-0.10670918206888391,-0.24785553580157488
RAB10,-0.12640961255540917,2.894230148466821
RAB11A,-2.7345103933342942,1.7609474639374936
RAB11B,-0.6819076882847668,0.4839944802616972
RAB13,-0.4973069454997203,3.1923548835474898
RAB14,-2.081888913491874,1.0920904922962644
RAB18,-0.7382758447585103,0.482555114465233
RAB1A,-2.722405169036681,-0.21019275960268557
RAB1B,-2.67693303294829,-0.2078584772086982
RAB23,-1.9719258572273073,3.1316025029717105
RAB24,-0.7850401747469914,3.0169003969071846
RAB29,-0.8461015138237126,3.0135198142370982
RAB2A,-1.7053872033929451,0.967624774401921
RAB2B,-0.41530821764471537,2.6924382014070636
RAB35,-1.928863165593941,2.134761601698684
RAB3D,-0.14779589312195351,2.8537909825093104
RAB3GAP2,1.0793322100161484,2.480620774164158
RAB4A,-0.1238382213061795,2.54160398766324
RAB5A,-1.3969337810585458,1.310260637276763
RAB5B,-1.3324377235421019,1.1729707568644274
RAB6B,-2.378647991158213,-0.22681455125843125
RAB7A,-4.040150120630413,0.9128204621365282
RAB8B,-0.6730188837745585,3.2988426319060853
RAB9A,-0.47625550552706164,2.6649501256728176
RABAC1,-2.425574677395429,0.3889296176021465
RABEP1,0.5234580982185791,1.8399319085393349
RABEPK,1.5478110195431491,0.49977855928362713
RABGAP1,1.067672797899653,2.29408903957158
RABGAP1L,0.20614959901125973,0.7037846894669103
RABGGTA,2.8826492082981816,1.2738001550382085
RABGGTB,2.440838342200097,0.15884082518964004
RABIF,1.915246375260526,-0.7638497207437326
RABL3,-2.285342740023335,0.30069677086540114
RAC1,-0.18266215077447756,0.36149726186789455
RAC3,1.5682538687359537,0.553226215454316
RACK1,5.53882029401838,0.6684767342188443
RAD17,0.26166523550693455,-0.8250599669213796
RAD21,-0.4605570381468723,-2.191293228168219
RAF1,1.8570310366623395,2.0192517107889776
RALBP1,-0.13922745749103194,1.8455051463452703
RAN,0.4215264012738863,-0.22234605047799866
RANBP1,4.962518092752295,-0.851685173022863
RANBP10,0.6162180964938179,-0.42554261756497735
RANBP2,-1.3551907654557538,-0.7572213680095198
RANBP9,0.48024717293646,-0.4956723517882572
RANGRF,1.2373383283546753,0.3433165249571871
RBBP4,0.4654296140528692,-2.515955517840718
RBIS,-1.354070155473367,-2.87367922646633
RBM10,-2.588326762566384,-1.7516154770179737
RBM12,0.00342859553523156,-1.5787284282783132
RBM12B,-0.7292956748922883,-1.1810133102740308
RBM14,-0.4336697659868781,-1.345590540028815
RBM15,-0.7978622502234423,-0.958282671058819
RBM15B,-0.31374307826541703,-1.1282846355755032
RBM17,-2.8368434496411647,-1.9350704716380926
RBM19,-1.8211597654680427,-3.341458065112455
RBM22,-2.8943896610705764,-1.7756087504257971
RBM25,-2.059821700086413,-1.6658986391541832
RBM28,-1.8525719280299442,-3.689787655600132
RBM3,0.059709045587884035,-0.344505241665111
RBM33,-0.4535630738364733,-1.2671659225212273
RBM34,-1.723775087370818,-3.9341126331202867
RBM38,-0.7688715975612969,3.4736128966689472
RBM39,-2.989079498755652,-1.9067854737304102
RBM4,-0.46256445900410237,-1.0825316612710882
RBM41,-0.3345306040172029,-1.1782590646956868
RBM42,-2.4687158131045646,-1.7551036036457206
RBM5,-2.737890160094278,-1.9100617942432043
RBM6,0.16989668682291248,-1.6853327838057708
RBM7,-0.13868343332238353,-0.9368078068246656
RBM8A,-3.038548101697153,-1.9086423592190909
RBMX,0.12207709235836972,-2.8200108749683737
RBSN,-2.0035181667904247,0.9527077329609906
REEP2,-1.0778438561566057,2.6124316077196794
REEP3,-1.04051223420956,2.6399726316756813
REEP4,-1.0102142502892595,3.444537463105352
REEP5,-0.9107372554466727,4.188804358617335
REEP6,-0.7820205463223218,3.3453231246027064
RELA,3.935541714015243,0.4248915219551349
RER1,-2.7785251764421908,-0.2012386790688755
RHEB,1.5238262077244324,0.9783627729889374
RHOA,3.4383343890124785,-0.5871011986445818
RHOB,-0.8659188067125018,2.6809986015322744
RHOC,3.1071664964738996,0.7638126273652196
RHOG,-0.5506336398973952,3.5063755342327774
RICTOR,0.16127547220407024,1.777194358795886
RING1,-0.711001030309717,-1.392392560237992
RIOK1,3.4560104581333793,0.10997094076067426
RIOK2,3.9409709717820745,0.45207227179124876
RIOK3,3.8808422301424166,0.8805680460985993
RNASEH2A,0.3526638319735481,-0.8864053812841222
RND3,0.6017924881252513,1.327657765846887
RNF40,0.609519761750284,-1.8013100521992662
ROCK1,1.037312569391439,2.308543701731081
RPAP2,1.86256891126878,2.0822014242682427
RPL10A,4.67148710903996,0.8717372099102249
RPL11,5.262041337040751,0.6253394055155793
RPL13,5.297659093414842,0.6198708426959808
RPL19,5.8287695586523665,0.7472563243656413
RPL27,5.390131761961817,0.6497912070667679
RPL35,5.391071718636329,0.6344586978160413
RPL4,5.509868477945135,0.6645526127942131
RPL5,5.33994098710512,0.6316393604019236
RPN1,-0.3638242560268523,5.325349015247523
RPN2,-0.3777076177098142,5.365021965712477
RPP30,-1.3580900455487173,-3.04252917630573
RPS11,5.825652472553571,0.7291055628749558
RPS14,5.769692222274581,0.7098922477033723
RPS16,5.842550706596325,0.7433842549686441
RPS18,4.729044604035684,0.9375843758187087
RPS6KA1,2.125899675220768,1.2285522113896477
RPS6KA3,2.109443324458457,0.4598970151695868
RPS6KA4,0.045237153604019364,-1.147024041816942
RPS6KB1,1.6761428665464653,0.41064410952748764
RRP1,-1.6362527335075492,-3.8926087711268296
RRP36,-1.321316930747599,-2.8802547133269885
RSL1D1,-1.7876706341881232,-3.958200349893793
RTCB,1.5656230654608327,-1.2715332788529843
RTN4,-0.9147761106593764,4.235367577001943
RUVBL1,0.7439469122707082,-0.9190565049957704
RUVBL2,0.8157423978097021,-0.9301475413881642
S100A10,-0.25194028256659273,1.2178278544763792
SACM1L,-2.314257957460112,-0.21004679381308244
SAE1,0.9736104138966014,-2.241501377123054
SAR1A,-0.2911337996051747,2.7764279378540038
SAR1B,-0.2580288301578437,2.813696259997099
SARS1,4.944549590306911,-0.8578602486324668
SBDS,1.6045658343283127,-0.3802441404621857
SC5D,-1.6684158933020918,0.16296151735855613
SCAMP1,-3.1589793104269392,1.8548470373745558
SCAMP2,-3.0476018717990443,1.883427734100124
SCAMP4,-3.11415905395151,1.9822260119718584
SCD,-1.440137035425212,0.25918298915711835
SCD5,-0.824922584464367,3.01379805867919
SCFD1,-2.319440324821756,-0.23980600207703623
SCYL1,3.160735149531818,0.8247798967956906
SCYL2,-0.0913120034685102,1.9786442205520536
SEC13,-1.3290149327776108,0.30215151098426385
SEC14L1,-0.10133107365332417,-0.13057929075770391
SEC16A,-2.6549456148749924,1.0219645721049075
SEC22B,-2.3667149603651185,0.3773672451348803
SEC23A,-2.550789696107391,1.0468303349750716
SEC23B,-2.375168289496962,0.9850953869169524
SEC24C,-1.3409247435540617,0.4021982341413526
SEC24D,-1.29323006269467,0.569703411790737
SEC31A,-2.445257976492687,0.9957742930987564
SEC61B,-0.4060623911770599,5.439179466068575
SEM1,0.11165026675954681,-0.37405667583011104
SEPTIN11,-2.2651662043350793,1.910020043713768
SEPTIN2,-2.6863272403650242,2.098619230058278
SEPTIN5,-1.3723240091270168,2.1666173693304214
SEPTIN7,-2.2410798604937288,1.9230244236194092
SEPTIN8,-0.08755938322295076,2.030850595720393
SEPTIN9,-2.8080531294062148,2.092334286958215
SF3A1,-2.9943473092248496,-1.8308744659044942
SF3A2,-2.5671912355464097,-1.6901657656009763
SF3A3,-3.011888612634552,-1.8475330019264002
SF3B1,-3.040857410451673,-1.8966795903524103
SF3B2,-2.896197340593133,-1.7954336031995624
SF3B3,-3.0219285146875543,-1.8589296168230058
SF3B4,-1.1563780700723942,-0.9677995821208359
SF3B5,-3.036809525710655,-1.8956842356568568
SF3B6,-2.9428309767718623,-1.8537586281929777
SFPQ,-0.23871301385260058,-1.2337078197077012
SGPL1,-0.4562053608296508,4.955611192113876
SH3GL1,-1.1901963231619526,1.4287143926195025
SH3GLB1,0.3553319101755442,2.515018808978054
SH3GLB2,1.0788446266717289,2.4823178369094534
SLC11A2,-3.713874659172629,0.7469544154396058
SLC15A4,-3.6996463037788643,0.6329084555287733
SLC16A1,-0.244826175731099,0.39599015444627617
SLC16A10,-1.151801846048168,2.438917029137943
SLC16A2,-1.8072417101983664,1.3525575788711994
SLC18B1,-3.8646132991365123,0.6907602058667875
SLC19A1,-1.8601631764074684,1.1534566585126518
SLC1A3,-2.349353276494783,0.9028763649845387
SLC1A5,-2.040698705007737,1.9045478671509652
SLC23A2,-1.822166792534581,2.9477116280212887
SLC25A17,-1.4166736714149872,0.5617509727951281
SLC26A6,-1.57998897233345,2.8812390275497135
SLC27A4,-0.8493852025382025,3.055320663680723
SLC2A1,-3.7097334403257065,0.6718188360412455
SLC2A8,-3.746393207661773,0.6822183786678185
SLC30A5,-1.6967788751727781,0.3067961941543683
SLC31A1,-3.8480648725540605,0.6913422009926248
SLC33A1,-0.313677360693691,-0.7613274546283124
SLC35B1,-1.9060129640254722,0.23527667800536012
SLC35B4,-1.78692482091287,0.20341766136317962
SLC35E1,-1.8875440175910034,-0.17075095554347253
SLC35F2,-2.9484025410708923,1.4787661788648894
SLC37A3,-0.9668995121686311,2.1398847072618206
SLC37A4,-2.1508126956989098,0.27476723456995
SLC44A2,-1.3397651461670077,2.216994935656261
SLC46A1,-1.8000503010561568,2.884455413118393
SLC4A2,-1.2175938325789784,2.3130341049305674
SLC5A6,-1.7660013462737933,2.889289223175643
SLC6A15,-3.1204578675298014,1.4391995584488768
SLC7A1,-2.0258400440449753,0.560970706343704
SLC7A5,-2.100000935183554,3.233705425060728
SLC7A6,-2.1450677656773873,3.2574354961210883
SLC9A3R1,-0.8554637369842967,1.1299613837534337
SLC9A3R2,-1.3863878720307974,1.7692428921767105
SLK,2.7012902236607195,1.027812898943119
SMARCA1,-0.1179248074933571,-2.8041102618464477
SMARCA2,-0.4002766545032205,-1.7524657771788923
SMARCA4,0.22625452031332005,-2.9455567884056633
SMARCA5,-0.0853811707015929,-2.88906751516559
SMARCAD1,-0.17235837439606883,-2.5811992420785277
SMARCAL1,0.07219145099299229,-0.7883360041374773
SMARCB1,0.12206908417275952,-2.9537267882255533
SMARCC1,-0.1733936181099628,-2.689058598145135
SMARCC2,0.2239213806781729,-2.9795222927214757
SMARCD1,0.32560839442157163,-2.8405723803749097
SMARCD2,0.31862226691392437,-2.96303330542228
SMARCE1,0.24423816048931102,-3.0355379813843224
SMC1A,0.30162364302637024,-2.9725543302463207
SMN1,0.12076865834265404,2.963409513073688
SNF8,2.8741416664908055,0.46750375635104835
SNRNP40,-3.062550230222284,-1.8040783487375944
SNRPA,-0.7894063289254825,-0.7412405643455883
SNRPB,-0.5075069369918488,-0.6678329499413559
SNRPB2,-0.6652668971298592,-0.7412313179659165
SNRPC,-0.6891165096397546,-0.650853402652619
SNRPD2,-3.002408119523683,-1.894814254390187
SNRPF,-3.1218407049459977,-1.9823843453438599
SNU13,-1.817748288636711,-3.089627576991918
SNUPN,1.719773939601903,-0.07450970311414001
SNX1,-2.229462031737483,1.1500491747776085
SNX11,-1.058800348979383,0.8218062656779704
SNX12,-2.443255276378609,1.0832650574783806
SNX17,1.0222543844466392,2.2720740252916034
SNX2,-2.2829580585576186,1.106079990761224
SNX27,-2.3946187601763804,1.0874066066278476
SNX3,-2.5883915152046626,1.1039045027858991
SNX4,-2.119030514963651,1.1894201942480334
SNX5,-1.9663076130954447,1.275766044831244
SNX7,-1.0608575756291627,1.0919791878059688
SNX8,-1.1094424230458557,0.9173876554958963
SNX9,0.29259648961108964,0.7393160450905282
SOS1,1.9201531312472628,1.8977352174449602
SPAST,-0.4995935471649305,-0.07875201951724736
SPG21,-1.7603055979910716,0.7827847794552915
SPNS1,-3.9146191600151514,0.8336486015264485
SPOUT1,-1.3765721346902304,-3.3605422222803805
SPTLC1,-0.5781488543542241,4.516124383708909
SPTLC2,-0.7241225443647945,3.810127737256101
SQSTM1,-2.2063602576114727,0.4445867274610198
SRI,2.3626206715869564,0.9255904577907609
SRP14,-1.1866777110713012,-2.7245091630099396
SRP19,-0.36428084387223547,5.040610977081602
SRP54,-0.6293028371866862,4.223025435433593
SRP68,4.516941944797776,0.9872462538093064
SRP72,4.805404149293269,0.48527973083403186
SRP9,-1.2103786830764043,-2.7734569166037346
SRPK2,4.169765831448483,1.0839770293390947
SRPRA,-0.38351853935755953,5.452723332440631
SRPRB,-0.6682357893772413,4.073405478677842
SSB,0.970585113267049,-2.2067382794503225
SSRP1,-0.6766740451317761,-0.9815615431928306
STAG1,-0.5531450796304682,-1.9811994693263593
STAG2,0.030368280891526545,-2.893819959838713
STAM,-2.67393152101491,1.0197418489373864
STAM2,-2.6341249635592594,0.9830372523283605
STIM1,-0.5899352609648396,4.002801556526269
STIM2,-1.0830337639249636,2.5303513351620426
STIP1,5.04009738184285,-0.9135323959832733
STK11,0.5260721308245248,2.0105955452454505
STK24,0.7149439814676145,1.5783907585335322
STK25,1.935892971030046,1.0240234261210266
STK26,3.0190066418880654,-0.38775624831054945
STK32C,1.4703818142946168,0.4410253241927883
STK38L,1.430672199069365,1.1907044279093313
STK4,2.5706341984405783,-0.25458599334857096
STRN3,-0.05539449329320667,2.1071177873025175
STT3A,-0.5333549460112605,4.25642219371836
STT3B,-0.4082618844590751,5.2391003113990715
STX10,-2.7310078691457256,0.31128284879163837
STX12,-4.000526209224888,1.2379977820513184
STX16,-2.9822614933035805,1.7058413499376468
STX18,-0.6313818183986643,4.4089865517534514
STX2,-1.9842545100610425,3.1386561921728715
STX3,-2.1094000775864314,3.284938692021795
STX5,-2.6079731452237493,-0.26409973651796925
STX6,-2.55222597957485,0.33394896309398836
STX7,-4.0529329610895575,1.1915247352750753
STX8,-4.038378649132581,1.2153648447427958
SUPT16H,-0.6241412682379244,-0.9805775344071864
SUPT5H,0.09466150488275182,-2.0392135997495413
SVIL,-1.2531650965683587,2.3653886416824617
SYAP1,-0.5435539167749891,1.0304828349443746
SYNE3,-0.5968101091422466,-0.17927741375091932
SYVN1,-1.1978425540294477,2.655157766866713
TAF1,-0.492509714048912,-1.768361706344392
TAF12,-0.22442468796429937,-1.9556481617788957
TAF1D,-0.4377204712098415,-1.0441585283453927
TAOK1,2.081639270608271,2.186775203747375
TAOK2,0.5922129292099992,1.7501124176686402
TARDBP,-0.6862890081241897,-1.356842874027572
TATDN3,2.394405612567932,0.8354547146568908
TBP,-0.3250191936053304,-1.4707705470846457
TCF25,3.54735819942963,0.7718657721827392
TCOF1,-1.4887587238102917,-1.6813188338456264
TDP1,0.15228918039524364,-1.1090078425569172
TERF1,-0.8671183741401814,-0.6407950594282458
TERF2,-1.0333454329944256,-1.0883974916247432
TFRC,-1.8365913555187237,1.889375568132197
TGFBRAP1,-2.04630181846733,0.827670921928127
TIA1,0.1531850168114507,-0.4204412228625011
TIAM1,0.8760111016357598,1.932205479791028
TJP1,-1.1109547696028947,-0.093903933199737
TJP2,-1.271475054760995,-0.12037871826747415
TLK2,-0.3421872386093021,-0.8626216474775656
TMA16,-1.316734720439725,-2.8303312505087206
TMCO1,-0.5655555982369668,2.5211131390851818
TMED10,-1.6427136457395008,0.645429403788557
TMED2,-2.7794355130025807,0.9417088344054944
TMEM106B,-4.030945331393353,0.7882826920002138
TMEM147,-2.8683773448229433,1.7462328421402193
TMEM192,-0.5354893294757452,-0.8899447543958572
TMEM208,-0.41355043650828016,4.733211430833063
TMEM63B,-1.8769737210576163,0.8514056005902054
TMEM87A,-2.894612821559737,0.6586974543523633
TMPO,-0.7849396812174586,-0.413686588562871
TNPO1,0.5527477901126859,-0.22062092078010287
TNPO3,0.9397000426289402,-0.16697981879690693
TOLLIP,-0.7735136767558632,1.1733605323325724
TOMM20,0.6638179136369199,-4.958296904350034
TOMM70,0.6635001832890642,-4.956708690426848
TOP1,-0.8174602265470791,-2.0095546208168016
TOP2A,-0.8745065194519468,-1.6417322372364507
TOR1AIP1,-1.4940922717880305,-0.8038667067259813
TPR,-1.6199651615124986,-0.883910507910014
TPT1,3.986064334751773,-0.1994597954945137
TRAPPC1,1.1012889467941616,2.487237320217936
TRAPPC11,-0.20568266115335676,1.896162497509863
TRAPPC2,1.0993789706424741,2.331079710071232
TRIM24,-0.17560241639501528,-2.655351710304594
TRIM28,0.5164651200890952,-2.7995879064576066
TRIM33,0.21430415354778265,-2.268811561154429
TRIR,0.37743763462743474,-2.3989360283308865
TRMT1L,-1.1547044219576021,-2.634849699132439
TRPM7,-1.23820873054562,2.539439989222244
TRRAP,-0.07682699198935994,-2.3622424634057153
TSG101,2.962186222663153,0.9786355091247197
TSR1,-0.45782648866289033,-0.7851132578815107
TSR2,1.2969531566928771,-0.25601976472346816
TTK,2.5020020528651434,0.7085223819157035
TUBA1B,3.7175613505118212,-0.016280204885094962
TUBB4B,-0.36865768437043955,4.890970303372613
TUBG1,2.347139743980627,0.7957514108842455
U2AF2,-1.3515804550724284,-1.3679293253660247
U2SURP,-3.116265559923061,-1.965666470149937
UBA1,1.5075440056440752,-1.2634803588998802
UBA5,3.903409204265495,0.4596985378040396
UBA52,0.8365276476561886,-0.17351374523915158
UBB,1.896304737376025,-0.9640944152062081
UBC,0.9807931657870382,-0.24310000428753886
UBE2M,1.6568038674299963,-0.9817718721945693
UBTF,-1.4986586315867951,-1.4731256041437457
UFC1,3.3775867433243123,0.03824782836627805
UGDH,0.6517789183815289,-0.9334446438110225
ULK1,-0.07400749081688351,1.569208219188527
ULK3,0.23862277180708158,0.5454763298663982
UPF1,0.20971600164520388,2.93955157427385
USP1,0.22702267125786968,-0.9772653341341246
USP10,4.427129654494029,1.028381597784381
USP22,0.015525502938675495,-1.8848009396504448
USP36,-1.8095310664346467,-3.8649840388180094
USP7,-0.3406153689577852,-0.35100296655442725
UTP14A,-1.457785934609711,-3.6646501968138674
UTP4,-0.9381491086544829,-1.0173193011222776
UTP6,-1.7998503967909971,-3.463073631826931
UTRN,-1.7557036906007686,1.3285356837188016
UVRAG,0.7108355617004095,2.162248975912801
VAMP2,-3.0553954772459475,1.9121644726932545
VAMP3,-3.1667130097197203,1.955722838610773
VAMP4,-3.84099988358191,1.1633412777820085
VAMP8,-3.2949408895358845,1.7763648281175706
VAPA,-1.6929323450725358,0.469757855454202
VAPB,-1.6150026468421346,0.4242791383092892
VASP,0.7103953538854807,2.0227025681723845
VCL,3.040088298870045,-0.5691297320413893
VCP,-0.26910437372640805,4.900187054646123
VDAC1,0.658479891404877,-4.953457024139363
VDAC2,-0.9908947553017716,2.2296703295123144
VDAC3,0.6626444807100623,-4.955662216958084
VHL,1.4830934719276936,0.7962897679819244
VIM,-0.6352934889313482,-0.229073335882715
VMP1,-0.4117768716095451,5.334420022126219
VPS16,-1.871060481184926,1.1410740290982782
VPS18,-2.074277245628785,1.2215998760068052
VPS25,2.8581022881514735,0.5041315102556408
VPS28,-0.9159784322434962,0.8982643576183221
VPS29,-2.733998690009167,0.9616683647145498
VPS33A,-1.8454820655593034,1.2632185161823783
VPS35,-2.7447321267793447,1.108785778271833
VPS36,1.8065247752381755,0.9784026926290733
VPS37B,1.2859444353062046,2.294532734603449
VPS39,-1.0018240037806616,0.7628665806677369
VPS41,-0.27449815609381834,1.2824467080323756
VPS4A,-1.0987956018932283,1.1270164829554656
VPS8,-1.802179455947035,0.7843853054721318
VRK2,-0.7948559895815058,2.879129119528433
VRK3,-0.030681873115134928,-0.614613735227963
VTI1A,-3.3635233794360304,1.7381323439421572
VTI1B,-3.686771505865118,1.1295400577008765
WAPL,-0.18789443419242258,-1.990440201408807
WASF1,1.9917053709450072,2.1131980199388907
WASF2,3.667576337667387,0.7347362790183484
WASL,0.03780577605522606,0.901464995214745
WBP2,0.05241178927254342,0.18558887305265725
WDR12,-1.5269659585154889,-3.766080060227185
WDR3,-1.7222875968487856,-3.985291207639895
WDR46,-1.7626452902522094,-3.979091771654181
WDR75,-1.2141888177387665,-1.6632377919045536
WIPF2,-0.7240161328311667,0.6038748852775148
WNK1,2.819779866685072,1.1668566849598534
WWOX,-1.6477857092504062,0.37087167451645464
WWP1,0.19327674069383838,1.6792884956980094
XPO1,-0.986549122024206,-0.8220191200055597
XPO4,0.7682232499948113,0.02548149574332359
XPO5,0.930053754171226,-1.6332102598883385
XPO6,0.9832300448613353,-0.2398108740807332
XPOT,1.5462321311279443,-0.9875537572259832
YES1,-1.8788562912056133,3.032526446632295
YIPF5,-1.5426714197516271,0.7325222480666077
YKT6,1.812025828404885,-0.14818822415743144
YWHAB,3.4113272071807144,-0.5282833829659518
YWHAE,3.0859383521821107,-0.5873412777174153
YWHAG,3.2697736148747873,-0.25974149657217055
YWHAH,2.9997484894195483,-0.469233906514552
YWHAQ,3.982464427205908,-0.5810909562251473
YWHAZ,4.784292925807281,-0.8582320180307956
YY1,0.37269103695984207,-2.9521427311428035
ZCCHC17,-0.8281978371865392,-0.8433842170321102
ZCCHC7,-1.2822598995955985,-2.7478899329297612
ZCCHC9,-1.6000522288705514,-3.586542604862339
ZNF326,0.23271694743827076,-1.6687114796379303
ZNF598,0.5255521423722135,1.6515161986084932
ZYX,-1.0328781216631033,0.15096831799892374
